"04/28/2024","435.46","431.00","436.29","420.67","34.86M","1.03%"
"04/21/2024","431.00","417.49","432.55","413.95","41.60M","3.94%"
"04/14/2024","414.65","442.06","442.15","413.07","289.73M","-5.39%"
"04/07/2024","438.27","441.41","446.33","436.28","228.31M","-0.50%"
"03/31/2024","440.47","444.97","447.53","435.11","234.95M","-0.80%"
"03/24/2024","444.01","443.55","447.23","441.93","140.13M","-0.53%"
"03/17/2024","446.38","438.73","449.34","433.33","201.58M","2.87%"
"03/10/2024","433.92","437.51","444.02","432.74","264.36M","-1.16%"
"03/03/2024","439.02","445.61","448.64","433.65","255.10M","-1.48%"
"02/25/2024","445.61","437.60","446.58","434.30","186.04M","2.02%"
"02/18/2024","436.78","428.55","440.59","421.63","197.92M","1.44%"
"02/11/2024","430.57","436.94","439.14","425.33","235.30M","-1.48%"
"02/04/2024","437.05","429.07","437.85","425.00","180.28M","1.87%"
"01/28/2024","429.01","424.27","430.24","416.79","250.06M","1.23%"
"01/21/2024","423.81","423.41","429.85","420.57","206.34M","0.62%"
"01/14/2024","421.18","408.31","421.34","402.92","228.18M","2.84%"
"01/07/2024","409.56","397.99","411.25","397.84","209.70M","3.23%"
"12/31/2023","396.75","405.84","406.09","395.34","189.38M","-3.12%"
"12/24/2023","409.52","409.04","412.92","407.58","124.39M","0.28%"
"12/17/2023","408.38","404.93","410.47","402.90","216.25M","0.75%"
"12/10/2023","405.34","391.74","406.54","391.53","254.17M","3.36%"
"12/03/2023","392.17","386.09","392.62","382.66","232.40M","0.57%"
"11/26/2023","389.94","389.01","394.14","385.82","201.77M","0.11%"
"11/19/2023","389.51","386.05","393.07","386.05","147.77M","0.90%"
"11/12/2023","386.04","376.79","387.75","375.24","254.63M","2.02%"
"11/05/2023","378.39","368.49","378.54","366.91","237.52M","2.90%"
"10/29/2023","367.71","347.83","369.02","346.45","273.41M","6.49%"
"10/22/2023","345.31","353.26","359.91","342.35","321.04M","-2.62%"
"10/15/2023","354.60","366.62","370.48","354.37","294.32M","-2.92%"
"10/08/2023","365.28","362.30","373.74","360.78","232.60M","0.16%"
"10/01/2023","364.70","358.54","365.91","353.27","287.84M","1.79%"
"09/24/2023","358.27","356.93","362.95","351.36","270.18M","0.10%"
"09/17/2023","357.91","369.32","371.79","357.59","241.36M","-3.48%"
"09/10/2023","370.81","375.66","378.27","369.86","245.48M","-0.48%"
"09/03/2023","372.58","376.77","379.31","369.15","163.25M","-1.33%"
"08/27/2023","377.59","366.99","380.83","364.25","216.67M","3.73%"
"08/20/2023","364.02","359.62","372.74","358.58","283.88M","1.64%"
"08/13/2023","358.13","365.43","370.47","354.71","264.66M","-2.21%"
"08/06/2023","366.24","373.88","375.29","364.69","253.85M","-1.56%"
"07/30/2023","372.04","383.79","384.88","371.53","267.57M","-2.98%"
"07/23/2023","383.48","376.62","384.71","374.34","247.19M","2.09%"
"07/16/2023","375.63","379.80","387.98","375.19","282.75M","-0.91%"
"07/09/2023","379.07","365.96","382.86","363.41","250.52M","3.50%"
"07/02/2023","366.24","370.07","372.01","364.52","150.40M","-0.86%"
"06/25/2023","369.42","362.00","370.49","357.59","253.48M","1.90%"
"06/18/2023","362.54","365.95","368.32","360.22","199.11M","-1.46%"
"06/11/2023","367.93","356.19","372.85","355.20","323.51M","3.79%"
"06/04/2023","354.50","354.43","357.66","348.18","258.23M","-0.04%"
"05/28/2023","354.65","352.71","355.83","346.51","241.62M","1.79%"
"05/21/2023","348.40","336.25","349.24","329.56","283.99M","3.53%"
"05/14/2023","336.51","325.51","338.20","323.96","246.65M","3.53%"
"05/07/2023","325.03","322.42","327.17","321.32","221.39M","0.66%"
"04/30/2023","322.89","322.09","323.76","315.11","259.44M","0.10%"
"04/23/2023","322.56","316.38","322.65","309.89","281.71M","1.88%"
"04/16/2023","316.61","318.15","321.42","314.10","250.18M","-0.62%"
"04/09/2023","318.57","315.07","320.36","312.57","258.95M","0.16%"
"04/02/2023","318.05","318.77","321.63","312.82","202.71M","-0.90%"
"03/26/2023","320.93","311.60","321.17","304.77","272.64M","3.23%"
"03/19/2023","310.89","304.26","315.25","302.01","313.73M","1.81%"
"03/12/2023","305.36","286.73","309.15","285.19","442.84M","5.83%"
"03/05/2023","288.55","300.94","304.00","287.38","343.62M","-3.71%"
"02/26/2023","299.68","295.07","299.92","288.37","269.78M","2.68%"
"02/19/2023","291.85","297.26","298.73","290.05","241.54M","-3.09%"
"02/12/2023","301.16","301.13","309.27","298.10","264.87M","0.49%"
"02/05/2023","299.70","303.51","311.03","297.25","264.30M","-2.12%"
"01/29/2023","306.18","292.93","313.68","289.89","322.92M","3.35%"
"01/22/2023","296.26","283.54","298.26","281.18","256.58M","4.80%"
"01/15/2023","282.68","280.77","284.69","273.89","188.79M","0.61%"
"01/08/2023","280.97","270.83","281.22","268.97","230.30M","4.53%"
"01/01/2023","268.80","268.65","270.15","260.34","190.15M","0.95%"
"12/25/2022","266.28","266.74","267.40","259.73","168.90M","-0.40%"
"12/18/2022","267.36","273.87","274.78","262.45","241.28M","-2.51%"
"12/11/2022","274.25","282.22","296.88","272.61","310.24M","-2.76%"
"12/04/2022","282.04","290.38","291.68","278.78","231.49M","-3.59%"
"11/27/2022","292.55","284.90","295.75","279.17","254.34M","1.96%"
"11/20/2022","286.92","283.40","289.46","280.46","143.85M","0.74%"
"11/13/2022","284.82","285.86","293.26","280.72","286.98M","-1.09%"
"11/06/2022","287.96","265.75","288.64","263.03","341.63M","8.80%"
"10/30/2022","264.68","278.92","282.07","259.08","321.79M","-5.88%"
"10/23/2022","281.22","275.69","284.60","271.97","307.29M","2.11%"
"10/16/2022","275.42","266.84","277.21","266.74","325.98M","5.63%"
"10/09/2022","260.74","269.30","271.81","254.26","367.63M","-3.11%"
"10/02/2022","269.10","269.07","284.18","267.53","308.58M","0.69%"
"09/25/2022","267.26","275.03","281.25","267.10","380.31M","-2.99%"
"09/18/2022","275.51","286.10","293.95","272.02","324.39M","-4.77%"
"09/11/2022","289.32","308.50","311.08","285.62","325.60M","-5.79%"
"09/04/2022","307.09","295.66","307.60","290.87","218.04M","4.04%"
"08/28/2022","295.17","304.62","307.22","292.95","272.21M","-3.99%"
"08/21/2022","307.44","318.50","321.51","307.35","235.80M","-4.78%"
"08/14/2022","322.86","329.42","334.42","322.08","221.00M","-2.28%"
"08/07/2022","330.39","322.69","330.58","315.42","222.12M","2.69%"
"07/31/2022","321.75","313.65","324.72","311.84","241.64M","1.99%"
"07/24/2022","315.46","302.02","316.39","293.54","272.60M","4.46%"
"07/17/2022","301.99","294.72","308.55","288.20","294.64M","3.47%"
"07/10/2022","291.87","292.88","293.11","279.80","312.57M","-1.18%"
"07/03/2022","295.35","278.31","296.75","276.75","241.54M","4.69%"
"06/26/2022","282.13","296.00","296.58","275.78","309.31M","-4.24%"
"06/19/2022","294.61","278.75","295.04","277.91","234.99M","7.25%"
"06/12/2022","274.69","279.75","286.83","269.28","409.80M","-4.90%"
"06/05/2022","288.84","310.75","312.35","288.38","276.89M","-5.67%"
"05/29/2022","306.20","309.07","314.56","303.40","246.52M","-0.94%"
"05/22/2022","309.10","289.75","309.25","282.25","330.73M","7.07%"
"05/15/2022","288.68","300.15","306.56","280.21","373.07M","-4.39%"
"05/08/2022","301.94","303.48","309.35","284.94","582.43M","-2.36%"
"05/01/2022","309.25","312.83","330.29","305.11","603.96M","-1.28%"
"04/24/2022","313.25","323.73","329.90","312.60","510.21M","-3.73%"
"04/17/2022","325.40","337.35","347.87","324.96","338.94M","-3.85%"
"04/10/2022","338.43","344.81","347.69","338.04","273.78M","-3.07%"
"04/03/2022","349.15","362.71","369.31","348.50","324.50M","-3.51%"
"03/27/2022","361.85","359.34","371.83","358.07","315.20M","0.70%"
"03/20/2022","359.35","350.20","360.67","345.58","318.90M","2.24%"
"03/13/2022","351.49","323.13","351.79","317.45","414.77M","8.35%"
"03/06/2022","324.40","337.29","338.48","319.94","406.40M","-3.82%"
"02/27/2022","337.30","342.51","350.04","334.92","363.63M","-2.45%"
"02/20/2022","345.77","338.49","345.98","318.26","381.64M","1.25%"
"02/13/2022","341.51","346.49","357.09","339.14","336.40M","-1.60%"
"02/06/2022","347.06","358.62","366.81","345.80","392.72M","-3.06%"
"01/30/2022","358.01","353.20","370.10","351.52","429.24M","1.77%"
"01/23/2022","351.80","345.90","356.88","334.15","673.83M","0.03%"
"01/16/2022","351.69","374.04","376.22","351.40","389.60M","-7.45%"
"01/09/2022","380.01","374.82","390.20","369.31","372.76M","0.04%"
"01/02/2022","379.86","399.05","402.28","378.04","317.81M","-4.52%"
"12/26/2021","397.85","398.25","404.58","397.34","156.79M","0.23%"
"12/19/2021","396.92","379.57","398.42","377.47","180.87M","3.12%"
"12/12/2021","384.91","398.00","398.48","381.77","363.46M","-3.29%"
"12/05/2021","398.01","383.63","400.20","379.30","265.32M","3.88%"
"11/28/2021","383.13","395.89","401.19","378.90","403.92M","-2.06%"
"11/21/2021","391.20","405.57","408.71","389.77","230.30M","-3.17%"
"11/14/2021","403.99","395.91","405.30","392.10","181.21M","2.35%"
"11/07/2021","394.70","398.57","399.62","387.53","201.66M","-0.98%"
"10/31/2021","398.60","386.56","400.99","384.42","173.30M","3.23%"
"10/24/2021","386.11","375.56","386.28","373.56","200.87M","3.21%"
"10/17/2021","374.10","367.61","377.47","366.99","156.74M","1.40%"
"10/10/2021","368.94","359.58","369.06","356.48","202.73M","2.15%"
"10/03/2021","361.16","358.52","365.69","350.32","262.04M","0.27%"
"09/26/2021","360.18","370.20","371.25","354.38","316.88M","-3.52%"
"09/19/2021","373.33","367.46","374.04","360.93","245.81M","-0.13%"
"09/12/2021","373.83","378.99","379.43","372.76","220.77M","-0.73%"
"09/05/2021","376.59","381.68","382.78","376.24","126.57M","-1.31%"
"08/29/2021","381.57","376.85","382.71","376.83","135.19M","1.47%"
"08/22/2021","376.04","368.80","376.56","368.79","132.45M","2.26%"
"08/15/2021","367.73","367.67","369.02","359.96","206.36M","-0.30%"
"08/08/2021","368.82","368.52","369.56","364.30","140.68M","0.21%"
"08/01/2021","368.05","366.28","369.91","362.00","147.27M","0.95%"
"07/25/2021","364.57","367.49","368.89","360.16","190.60M","-0.99%"
"07/18/2021","368.20","354.05","368.48","352.04","199.06M","2.96%"
"07/11/2021","357.60","362.45","365.49","357.24","201.43M","-0.94%"
"07/04/2021","361.01","359.26","362.76","354.42","160.18M","0.66%"
"06/27/2021","358.64","350.78","358.97","350.72","163.30M","2.63%"
"06/20/2021","349.46","342.43","351.46","340.15","150.39M","1.99%"
"06/13/2021","342.63","341.68","346.38","337.45","234.33M","0.41%"
"06/06/2021","341.24","335.05","341.25","334.34","136.30M","1.68%"
"05/30/2021","335.60","335.30","336.06","328.28","128.99M","0.50%"
"05/23/2021","333.93","329.37","335.57","326.90","147.06M","2.12%"
"05/16/2021","327.01","324.63","330.86","316.30","239.04M","0.19%"
"05/09/2021","326.39","332.78","332.96","316.00","338.08M","-2.34%"
"05/02/2021","334.20","339.23","340.00","326.21","241.24M","-1.12%"
"04/25/2021","337.99","339.67","342.80","336.90","173.59M","-0.42%"
"04/18/2021","339.42","340.39","341.58","333.97","191.56M","-0.76%"
"04/11/2021","342.01","336.04","342.23","334.73","175.97M","1.45%"
"04/04/2021","337.11","327.13","337.32","324.64","174.36M","3.86%"
"03/28/2021","324.57","315.45","324.71","311.54","209.96M","2.71%"
"03/21/2021","316.00","315.21","321.09","307.39","316.70M","0.91%"
"03/14/2021","313.14","315.79","324.20","309.66","337.70M","-0.74%"
"03/07/2021","315.46","308.12","319.86","299.51","368.40M","2.20%"
"02/28/2021","308.68","319.27","324.33","297.45","444.49M","-1.74%"
"02/21/2021","314.14","326.50","327.80","310.88","417.63M","-5.10%"
"02/14/2021","331.02","337.27","338.19","328.36","129.94M","-1.61%"
"02/07/2021","336.45","333.10","336.62","329.50","108.52M","1.54%"
"01/31/2021","331.36","318.11","332.40","316.02","139.48M","5.34%"
"01/24/2021","314.56","328.91","330.32","312.76","217.94M","-3.34%"
"01/17/2021","325.42","314.25","327.13","313.12","102.19M","4.35%"
"01/10/2021","311.86","315.98","317.53","310.58","143.65M","-2.25%"
"01/03/2021","319.03","315.11","319.39","305.18","191.79M","1.69%"
"12/27/2020","313.74","312.25","314.68","310.36","88.12M","1.35%"
"12/20/2020","309.56","306.46","310.71","303.60","101.46M","-0.16%"
"12/13/2020","310.06","303.08","311.98","303.01","144.96M","2.72%"
"12/06/2020","301.85","305.71","308.60","298.09","142.31M","-1.20%"
"11/29/2020","305.52","299.30","305.88","294.78","121.26M","2.18%"
"11/22/2020","299.01","291.41","300.17","288.07","91.88M","2.97%"
"11/15/2020","290.38","290.68","293.74","288.85","128.71M","-0.19%"
"11/08/2020","290.93","297.31","299.14","280.62","251.06M","-1.25%"
"11/01/2020","294.61","271.73","295.39","266.97","252.33M","9.37%"
"10/25/2020","269.38","282.32","285.30","267.07","231.58M","-5.39%"
"10/18/2020","284.74","290.49","291.48","280.82","155.11M","-1.31%"
"10/11/2020","288.51","290.60","297.46","286.54","263.88M","0.98%"
"10/04/2020","285.71","276.34","285.79","274.25","161.07M","4.16%"
"09/27/2020","274.31","276.61","282.88","271.67","260.52M","1.01%"
"09/20/2020","271.56","262.52","273.08","260.11","273.01M","1.76%"
"09/13/2020","266.87","274.28","280.45","262.63","290.63M","-1.32%"
"09/06/2020","270.45","272.27","282.20","266.90","305.88M","-4.63%"
"08/30/2020","283.58","293.16","303.50","271.80","357.60M","-3.06%"
"08/23/2020","292.53","285.06","293.85","281.27","191.01M","3.78%"
"08/16/2020","281.87","273.91","282.34","272.20","142.80M","3.57%"
"08/09/2020","272.16","271.74","274.83","264.63","179.78M","0.25%"
"08/02/2020","271.47","268.05","274.98","267.87","151.70M","2.14%"
"07/26/2020","265.79","257.36","265.95","256.45","190.84M","4.00%"
"07/19/2020","255.56","260.12","268.41","251.32","219.34M","-1.49%"
"07/12/2020","259.42","266.87","269.79","252.76","273.59M","-1.72%"
"07/05/2020","263.97","255.46","264.23","255.43","174.79M","4.67%"
"06/28/2020","252.19","239.98","254.27","237.35","139.93M","4.98%"
"06/21/2020","240.22","243.77","251.15","239.68","192.63M","-1.65%"
"06/14/2020","244.24","232.44","247.00","231.47","208.95M","3.54%"
"06/07/2020","235.88","239.54","247.82","231.74","271.02M","-1.59%"
"05/31/2020","239.69","232.40","240.30","232.00","182.83M","2.71%"
"05/24/2020","233.36","233.44","233.60","223.94","182.61M","1.61%"
"05/17/2020","229.66","226.28","232.13","225.47","188.66M","2.86%"
"05/10/2020","223.27","223.50","228.10","215.99","249.59M","-0.71%"
"05/03/2020","224.86","211.61","225.00","211.12","177.67M","5.70%"
"04/26/2020","212.74","216.18","220.04","211.21","224.18M","-0.51%"
"04/19/2020","213.84","213.27","215.88","203.63","228.95M","-0.67%"
"04/12/2020","215.29","199.92","216.51","198.75","281.37M","7.18%"
"04/05/2020","200.86","190.38","203.22","189.19","248.93M","9.54%"
"03/29/2020","183.37","187.10","195.25","180.86","269.68M","-1.04%"
"03/22/2020","185.30","170.92","192.72","164.93","447.01M","8.55%"
"03/15/2020","170.70","174.15","184.68","166.80","567.35M","-11.25%"
"03/08/2020","192.34","193.48","204.30","176.94","578.89M","-7.54%"
"03/01/2020","208.02","208.88","219.61","202.91","486.51M","1.08%"
"02/23/2020","205.80","221.84","224.25","198.17","533.74M","-10.63%"
"02/16/2020","230.27","233.47","237.47","229.32","155.41M","-1.86%"
"02/09/2020","234.64","228.43","234.93","228.38","122.36M","2.37%"
"02/02/2020","229.20","220.14","230.44","219.99","143.05M","4.62%"
"01/26/2020","219.07","217.72","223.56","217.18","189.64M","-1.63%"
"01/19/2020","222.70","222.73","225.88","221.67","105.82M","-0.30%"
"01/12/2020","223.38","219.31","223.56","218.98","116.29M","2.27%"
"01/05/2020","218.43","212.49","219.87","212.24","116.87M","1.98%"
"12/29/2019","214.18","213.51","216.16","211.16","98.58M","0.27%"
"12/22/2019","213.61","212.03","214.56","211.44","66.19M","0.90%"
"12/15/2019","211.71","208.50","212.52","208.48","98.48M","2.18%"
"12/08/2019","207.19","204.63","207.91","203.44","120.02M","1.07%"
"12/01/2019","205.00","205.11","205.18","193.79","106.48M","-0.05%"
"11/24/2019","205.10","202.67","206.05","202.67","59.52M","1.62%"
"11/17/2019","201.83","202.61","203.84","200.62","107.24M","-0.53%"
"11/10/2019","202.91","200.23","202.91","199.94","76.57M","0.83%"
"11/03/2019","201.23","200.19","201.72","198.79","86.90M","1.19%"
"10/27/2019","198.87","196.57","198.88","195.29","108.11M","1.65%"
"10/20/2019","195.64","192.65","195.74","191.15","94.83M","2.06%"
"10/13/2019","191.69","190.82","194.50","190.65","106.68M","0.30%"
"10/06/2019","191.11","188.23","192.63","185.27","143.56M","1.22%"
"09/29/2019","188.81","187.75","190.59","181.82","180.52M","0.95%"
"09/22/2019","187.03","190.36","191.79","185.75","168.35M","-1.98%"
"09/15/2019","190.80","191.30","194.04","190.11","128.95M","-0.90%"
"09/08/2019","192.54","192.18","194.71","188.91","129.58M","0.50%"
"09/01/2019","191.59","186.26","192.32","185.03","103.25M","2.20%"
"08/25/2019","187.47","184.19","188.97","182.91","129.38M","2.97%"
"08/18/2019","182.07","188.03","189.46","181.56","142.97M","-1.84%"
"08/11/2019","185.48","185.34","189.68","181.16","187.75M","-0.54%"
"08/04/2019","186.49","183.51","188.32","179.20","238.96M","-0.46%"
"07/28/2019","187.35","195.18","195.18","186.21","199.25M","-4.07%"
"07/21/2019","195.29","191.50","195.55","191.44","107.03M","2.24%"
"07/14/2019","191.01","193.97","194.19","190.69","111.02M","-1.30%"
"07/07/2019","193.53","189.86","193.54","188.65","109.12M","1.30%"
"06/30/2019","191.05","190.30","191.44","188.38","86.44M","2.31%"
"06/23/2019","186.74","188.52","188.72","184.65","116.78M","-0.97%"
"06/16/2019","188.57","183.01","189.77","182.84","181.13M","3.25%"
"06/09/2019","182.64","182.23","185.40","181.94","156.96M","0.88%"
"06/02/2019","181.04","173.52","181.77","169.27","233.85M","4.08%"
"05/26/2019","173.95","178.67","179.66","173.87","142.74M","-2.36%"
"05/19/2019","178.16","180.51","182.33","177.14","165.81M","-2.67%"
"05/12/2019","183.04","180.30","186.07","178.06","235.47M","-1.06%"
"05/05/2019","185.00","187.10","190.20","181.03","248.23M","-3.20%"
"04/28/2019","191.11","190.62","191.32","186.87","162.50M","0.24%"
"04/21/2019","190.65","186.54","191.22","186.43","132.46M","1.74%"
"04/14/2019","187.39","185.81","187.93","184.62","106.50M","0.84%"
"04/07/2019","185.83","184.37","185.95","183.63","118.54M","0.63%"
"03/31/2019","184.66","181.42","184.92","180.77","139.45M","2.78%"
"03/24/2019","179.66","177.92","180.69","176.60","182.26M","0.62%"
"03/17/2019","178.56","177.95","182.83","177.59","233.16M","0.12%"
"03/10/2019","178.35","171.86","178.88","171.85","168.84M","4.19%"
"03/03/2019","171.17","175.37","175.79","169.34","166.29M","-1.85%"
"02/24/2019","174.39","174.20","174.66","171.76","136.23M","0.87%"
"02/17/2019","172.89","171.39","173.08","170.71","105.02M","0.55%"
"02/10/2019","171.94","169.14","172.56","167.98","140.10M","2.01%"
"02/03/2019","168.56","167.51","171.37","166.57","153.90M","0.66%"
"01/27/2019","167.45","163.03","168.99","160.99","175.02M","1.39%"
"01/20/2019","165.15","164.05","165.65","160.32","163.70M","-0.06%"
"01/13/2019","165.25","159.32","166.02","158.59","201.91M","2.84%"
"01/06/2019","160.69","156.54","161.52","156.11","217.06M","2.85%"
"12/30/2018","156.23","154.47","157.00","149.49","261.12M","2.13%"
"12/23/2018","152.97","146.14","155.59","143.46","318.83M","3.66%"
"12/16/2018","147.57","160.41","161.67","146.72","460.46M","-8.39%"
"12/09/2018","161.08","161.11","167.60","159.41","289.72M","-0.19%"
"12/02/2018","161.38","173.10","173.31","160.86","273.51M","-4.72%"
"11/25/2018","169.37","161.44","169.47","160.76","230.37M","6.38%"
"11/18/2018","159.21","166.74","166.90","157.13","236.40M","-4.95%"
"11/11/2018","167.50","170.33","170.64","163.46","340.62M","-2.34%"
"11/04/2018","171.52","169.61","175.58","167.08","216.05M","1.26%"
"10/28/2018","169.38","169.16","172.55","160.09","406.96M","1.63%"
"10/21/2018","166.66","174.06","175.25","164.23","447.93M","-3.68%"
"10/14/2018","173.02","173.69","178.26","171.56","369.26M","-0.75%"
"10/07/2018","174.32","179.37","181.02","167.81","475.60M","-3.24%"
"09/30/2018","180.15","186.82","187.53","178.43","246.00M","-3.04%"
"09/23/2018","185.79","182.05","186.49","181.30","157.62M","1.13%"
"09/16/2018","183.71","183.66","185.48","181.17","168.69M","-0.15%"
"09/09/2018","183.99","182.12","184.95","180.52","154.81M","1.59%"
"09/02/2018","181.11","186.10","186.40","180.44","164.41M","-2.97%"
"08/26/2018","186.65","183.43","187.52","183.11","136.76M","2.29%"
"08/19/2018","182.48","180.28","182.63","179.00","118.15M","1.46%"
"08/12/2018","179.86","180.85","182.01","178.12","169.34M","-0.37%"
"08/05/2018","180.52","179.97","182.63","179.74","130.06M","0.24%"
"07/29/2018","180.08","177.66","180.09","174.27","220.69M","1.38%"
"07/22/2018","177.62","178.45","182.93","176.60","195.44M","-0.77%"
"07/15/2018","178.99","179.64","180.65","177.28","142.66M","-0.35%"
"07/08/2018","179.61","176.49","179.90","175.80","137.54M","2.28%"
"07/01/2018","175.61","170.04","175.74","169.67","125.92M","2.31%"
"06/24/2018","171.65","173.76","173.99","169.17","252.47M","-2.09%"
"06/17/2018","175.32","175.53","177.98","173.71","176.45M","-0.94%"
"06/10/2018","176.98","174.30","177.89","174.28","168.22M","1.46%"
"06/03/2018","174.44","173.16","175.93","173.07","141.66M","0.98%"
"05/27/2018","172.74","168.91","172.84","167.96","145.10M","1.78%"
"05/20/2018","169.72","168.73","170.33","166.88","124.15M","1.35%"
"05/13/2018","167.46","169.84","170.82","166.98","147.82M","-1.18%"
"05/06/2018","169.46","165.64","169.86","164.86","139.42M","2.78%"
"04/29/2018","164.87","162.48","165.25","159.22","212.66M","1.72%"
"04/22/2018","162.09","163.08","164.41","156.47","249.44M","-0.13%"
"04/15/2018","162.30","162.45","167.00","161.48","177.19M","0.58%"
"04/08/2018","161.37","158.01","163.26","157.46","207.11M","3.03%"
"04/01/2018","156.63","159.00","161.58","153.88","318.33M","-2.19%"
"03/25/2018","160.13","161.68","165.62","156.04","294.43M","1.02%"
"03/18/2018","158.51","169.16","169.22","158.43","296.05M","-7.31%"
"03/11/2018","171.02","173.65","175.21","170.90","193.80M","-1.24%"
"03/04/2018","173.16","165.26","173.16","164.59","166.77M","4.32%"
"02/25/2018","165.99","168.93","170.73","161.96","258.67M","-1.30%"
"02/18/2018","168.17","164.39","168.17","164.31","165.12M","1.95%"
"02/11/2018","164.96","157.67","166.76","156.46","260.83M","5.68%"
"02/04/2018","156.10","163.13","165.75","150.13","522.96M","-5.17%"
"01/28/2018","164.61","170.52","170.91","164.47","231.23M","-3.70%"
"01/21/2018","170.93","166.27","170.95","166.09","179.32M","2.76%"
"01/14/2018","166.34","165.55","166.61","163.53","140.45M","1.12%"
"01/07/2018","164.49","161.90","164.66","161.12","140.18M","1.59%"
"12/31/2017","161.92","156.50","162.03","156.17","113.73M","3.95%"
"12/24/2017","155.76","156.53","157.07","155.70","102.89M","-1.02%"
"12/17/2017","157.37","158.29","158.77","156.91","139.20M","-0.18%"
"12/10/2017","157.65","154.76","157.82","154.76","139.96M","1.91%"
"12/03/2017","154.70","155.47","155.63","152.06","181.32M","0.14%"
"11/26/2017","154.49","156.20","156.69","152.26","235.48M","-1.13%"
"11/19/2017","156.26","154.08","156.31","153.61","66.87M","1.50%"
"11/12/2017","153.95","153.12","154.89","151.78","126.02M","0.18%"
"11/05/2017","153.68","153.13","154.54","152.11","128.15M","0.27%"
"10/29/2017","153.27","151.08","153.29","150.77","144.75M","1.34%"
"10/22/2017","151.24","149.01","151.52","146.33","174.16M","1.70%"
"10/15/2017","148.71","148.70","149.21","147.27","110.02M","0.25%"
"10/08/2017","148.34","147.86","148.51","146.95","78.29M","0.46%"
"10/01/2017","147.66","145.67","147.66","144.93","128.57M","1.52%"
"09/24/2017","145.45","143.75","145.55","142.10","185.08M","0.78%"
"09/17/2017","144.32","145.88","146.37","143.85","130.51M","-1.19%"
"09/10/2017","146.06","145.30","146.59","145.29","167.55M","1.28%"
"09/03/2017","144.21","145.55","145.88","143.60","126.82M","-1.23%"
"08/27/2017","146.00","142.41","146.59","141.06","134.28M","2.84%"
"08/20/2017","141.97","141.23","143.35","140.18","163.65M","0.52%"
"08/13/2017","141.23","143.23","144.96","140.65","222.53M","-0.61%"
"08/06/2017","142.10","143.89","145.47","140.89","194.11M","-1.08%"
"07/30/2017","143.65","144.22","144.52","142.61","152.35M","-0.13%"
"07/23/2017","143.84","144.07","145.96","142.30","192.12M","-0.19%"
"07/16/2017","144.11","142.25","144.44","141.64","160.68M","1.40%"
"07/09/2017","142.12","137.84","142.30","137.50","158.04M","3.16%"
"07/02/2017","137.76","138.25","138.43","135.80","160.31M","0.09%"
"06/25/2017","137.64","142.00","142.29","136.25","315.46M","-2.55%"
"06/18/2017","141.24","139.45","141.42","139.28","162.06M","2.24%"
"06/11/2017","138.15","138.84","140.93","137.47","318.97M","-1.31%"
"06/04/2017","139.98","143.44","143.90","138.11","192.16M","-2.43%"
"05/28/2017","143.46","141.13","143.49","140.57","110.88M","1.59%"
"05/21/2017","141.22","138.14","141.33","138.10","95.30M","2.45%"
"05/14/2017","137.84","138.63","139.64","135.87","175.96M","-0.55%"
"05/07/2017","138.60","137.61","138.63","137.33","109.18M","0.77%"
"04/30/2017","137.54","136.46","137.54","136.38","100.95M","1.14%"
"04/23/2017","135.99","134.02","136.34","133.80","106.16M","2.59%"
"04/16/2017","132.56","130.80","132.88","130.72","88.36M","1.66%"
"04/09/2017","130.40","132.11","132.57","130.38","89.04M","-1.19%"
"04/02/2017","131.97","132.48","133.48","131.50","104.69M","-0.31%"
"03/26/2017","132.38","129.73","132.74","129.40","91.84M","1.34%"
"03/19/2017","130.63","131.65","132.43","129.68","118.40M","-0.80%"
"03/12/2017","131.69","131.34","132.40","130.76","87.15M","0.23%"
"03/05/2017","131.39","130.56","131.60","130.14","86.08M","0.28%"
"02/26/2017","131.02","130.02","131.68","129.66","88.10M","0.58%"
"02/19/2017","130.26","130.03","130.70","129.38","66.70M","0.35%"
"02/12/2017","129.81","127.76","129.82","127.72","84.01M","1.91%"
"02/05/2017","127.38","125.42","127.56","125.35","73.20M","1.35%"
"01/29/2017","125.68","125.37","125.81","123.85","99.02M","-0.10%"
"01/22/2017","125.80","123.16","125.92","122.57","81.22M","2.07%"
"01/15/2017","123.25","122.79","123.83","122.43","61.84M","0.07%"
"01/08/2017","123.16","122.03","123.37","121.60","92.33M","1.01%"
"01/01/2017","121.93","119.31","122.25","118.89","86.78M","2.91%"
"12/25/2016","118.48","120.44","121.52","118.14","89.10M","-1.43%"
"12/18/2016","120.20","119.74","120.83","119.55","65.33M","0.50%"
"12/11/2016","119.60","118.95","121.11","118.47","155.53M","0.08%"
"12/04/2016","119.50","116.32","119.54","115.77","115.78M","3.28%"
"11/27/2016","115.70","118.64","119.51","115.22","135.11M","-2.61%"
"11/20/2016","118.80","117.60","119.19","117.57","69.21M","1.26%"
"11/13/2016","117.32","115.84","118.10","114.03","121.27M","1.31%"
"11/06/2016","115.80","115.45","118.38","114.19","231.54M","1.89%"
"10/30/2016","113.65","117.53","117.53","113.45","132.41M","-2.95%"
"10/23/2016","117.10","118.93","119.66","116.74","114.42M","-0.89%"
"10/16/2016","118.15","117.10","118.41","116.67","81.00M","0.86%"
"10/09/2016","117.14","119.06","119.48","115.94","105.86M","-1.12%"
"10/02/2016","118.47","118.53","119.17","117.89","86.91M","-0.21%"
"09/25/2016","118.72","117.66","119.07","117.15","104.19M","0.33%"
"09/18/2016","118.33","117.57","119.22","116.55","110.68M","0.89%"
"09/11/2016","117.29","113.64","117.81","113.63","180.80M","2.63%"
"09/04/2016","114.28","117.29","118.12","114.26","107.01M","-2.42%"
"08/28/2016","117.12","116.81","117.56","115.91","86.23M","0.29%"
"08/21/2016","116.78","117.09","118.01","116.08","92.39M","-0.41%"
"08/14/2016","117.26","117.33","117.97","116.43","70.70M","0.05%"
"08/07/2016","117.20","116.82","117.37","116.28","72.67M","0.36%"
"07/31/2016","116.78","115.31","118.78","114.22","86.31M","1.35%"
"07/24/2016","115.23","113.56","115.54","113.22","101.16M","1.39%"
"07/17/2016","113.65","111.86","113.78","111.85","103.54M","1.65%"
"07/10/2016","111.80","110.68","112.30","110.66","102.10M","1.36%"
"07/03/2016","110.30","107.58","110.36","106.57","94.37M","2.05%"
"06/26/2016","108.08","103.60","108.48","101.75","165.86M","3.63%"
"06/19/2016","104.29","107.73","108.79","104.06","152.82M","-2.07%"
"06/12/2016","106.49","108.34","108.93","106.24","135.90M","-2.25%"
"06/05/2016","108.94","110.25","110.75","108.56","89.79M","-1.02%"
"05/29/2016","110.06","110.28","110.60","109.34","79.90M","-0.06%"
"05/22/2016","110.13","106.55","110.14","106.23","125.88M","3.44%"
"05/15/2016","106.47","105.67","107.21","104.54","133.31M","0.92%"
"05/08/2016","105.50","105.61","107.49","105.14","111.69M","-0.08%"
"05/01/2016","105.58","105.97","106.87","104.40","142.40M","-0.13%"
"04/24/2016","105.72","108.62","109.39","104.88","163.85M","-2.99%"
"04/17/2016","108.98","110.33","111.44","108.12","136.98M","-1.50%"
"04/10/2016","110.64","109.48","111.33","108.02","118.25M","1.50%"
"04/03/2016","109.00","110.31","110.71","108.61","113.79M","-1.23%"
"03/27/2016","110.36","107.56","110.40","106.73","115.50M","2.89%"
"03/20/2016","107.26","107.16","108.37","106.53","76.06M","-0.10%"
"03/13/2016","107.37","106.08","107.86","105.95","150.90M","0.83%"
"03/06/2016","106.49","105.12","106.49","103.31","162.26M","0.78%"
"02/28/2016","105.67","103.31","106.35","102.50","151.59M","2.17%"
"02/21/2016","103.43","102.54","104.37","99.77","154.90M","1.77%"
"02/14/2016","101.63","99.44","102.84","98.85","149.58M","3.68%"
"02/07/2016","98.02","96.33","98.69","94.84","350.90M","-0.10%"
"01/31/2016","98.12","103.62","104.80","97.72","259.32M","-5.77%"
"01/24/2016","104.13","103.46","104.17","100.15","231.44M","0.35%"
"01/17/2016","103.77","102.20","103.81","97.25","247.13M","2.91%"
"01/10/2016","100.84","104.79","106.23","99.51","336.52M","-3.05%"
"01/03/2016","104.01","109.43","110.18","103.90","262.22M","-7.02%"
"12/27/2015","111.86","112.32","114.55","111.51","96.32M","-0.65%"
"12/20/2015","112.59","110.87","112.90","110.05","90.11M","2.51%"
"12/13/2015","109.83","110.98","114.48","109.38","245.88M","-0.87%"
"12/06/2015","110.79","115.22","115.29","110.72","191.37M","-3.78%"
"11/29/2015","115.14","114.60","115.75","111.84","158.87M","0.73%"
"11/22/2015","114.31","114.53","114.94","112.84","70.06M","-0.15%"
"11/15/2015","114.48","109.74","114.57","109.48","146.44M","4.22%"
"11/08/2015","109.84","114.36","114.51","109.78","175.71M","-4.31%"
"11/01/2015","114.79","113.63","115.47","113.39","126.16M","1.29%"
"10/25/2015","113.33","112.70","114.08","112.27","151.64M","0.49%"
"10/18/2015","112.78","107.98","113.24","107.48","173.33M","4.31%"
"10/11/2015","108.12","106.73","108.18","105.49","139.55M","1.49%"
"10/04/2015","106.53","104.78","106.73","104.18","177.40M","2.42%"
"09/27/2015","104.01","102.48","104.01","98.75","233.51M","1.06%"
"09/20/2015","102.92","105.93","106.55","102.27","187.89M","-2.31%"
"09/13/2015","105.35","105.96","108.72","104.85","185.59M","-0.21%"
"09/06/2015","105.57","104.12","106.31","103.59","161.28M","3.34%"
"08/30/2015","102.16","105.03","105.61","100.63","251.18M","-3.28%"
"08/23/2015","105.62","94.23","106.00","84.74","449.32M","3.14%"
"08/16/2015","102.40","110.24","111.46","102.40","233.23M","-7.34%"
"08/09/2015","110.51","111.01","111.81","108.22","139.95M","0.18%"
"08/02/2015","110.31","111.97","113.00","109.40","148.26M","-1.46%"
"07/26/2015","111.95","110.47","112.49","109.78","143.78M","0.77%"
"07/19/2015","111.10","113.83","114.39","110.93","154.13M","-2.19%"
"07/12/2015","113.59","108.58","113.59","108.57","142.16M","5.52%"
"07/05/2015","107.65","107.27","108.32","105.83","163.03M","-0.28%"
"06/28/2015","107.95","108.06","108.66","106.64","127.48M","-1.21%"
"06/21/2015","109.27","110.70","111.13","108.86","103.70M","-0.56%"
"06/14/2015","109.89","107.94","110.88","107.31","141.90M","1.05%"
"06/07/2015","108.75","109.25","110.15","107.20","127.20M","-0.50%"
"05/31/2015","109.30","110.64","110.81","108.63","118.54M","-0.68%"
"05/24/2015","110.05","110.23","111.08","108.76","103.75M","-0.38%"
"05/17/2015","110.47","109.40","110.87","109.32","83.29M","0.81%"
"05/10/2015","109.58","108.76","110.01","106.80","121.92M","0.82%"
"05/03/2015","108.69","109.40","109.91","106.00","176.40M","-0.33%"
"04/26/2015","109.05","110.95","111.16","107.06","178.97M","-1.35%"
"04/19/2015","110.54","106.54","110.69","106.50","135.12M","4.27%"
"04/12/2015","106.01","107.83","108.38","105.55","125.38M","-1.61%"
"04/05/2015","107.75","104.50","107.76","104.34","109.98M","2.50%"
"03/29/2015","105.12","106.16","106.82","104.37","113.19M","-0.38%"
"03/22/2015","105.52","108.47","108.81","104.24","163.02M","-2.77%"
"03/15/2015","108.53","105.73","109.07","105.62","148.98M","3.03%"
"03/08/2015","105.34","107.63","107.99","104.68","149.43M","-1.93%"
"03/01/2015","107.41","108.61","109.42","107.14","111.16M","-0.91%"
"02/22/2015","108.40","108.35","108.94","108.05","107.10M","-0.01%"
"02/15/2015","108.41","106.91","108.47","106.64","80.99M","1.40%"
"02/08/2015","106.91","102.73","106.93","102.55","118.15M","3.67%"
"02/01/2015","103.13","101.33","104.17","99.75","166.22M","2.01%"
"01/25/2015","101.10","104.14","104.33","99.96","198.27M","-3.03%"
"01/18/2015","104.26","101.43","104.58","100.29","146.76M","3.41%"
"01/11/2015","100.82","102.82","103.62","99.36","228.01M","-1.75%"
"01/04/2015","102.62","102.49","103.65","99.62","221.93M","-0.31%"
"12/28/2014","102.94","104.94","105.25","102.44","91.36M","-2.00%"
"12/21/2014","105.04","104.15","105.26","104.09","92.24M","0.69%"
"12/14/2014","104.32","103.20","104.74","99.92","299.29M","1.61%"
"12/07/2014","102.67","105.11","105.57","102.66","212.52M","-2.57%"
"11/30/2014","105.38","105.72","105.92","104.42","151.61M","-0.59%"
"11/23/2014","106.01","104.15","106.25","104.06","71.79M","2.06%"
"11/16/2014","103.87","102.98","104.69","102.42","130.38M","0.63%"
"11/09/2014","103.22","101.65","103.28","101.38","105.14M","1.59%"
"11/02/2014","101.60","101.53","102.03","100.67","127.68M","0.20%"
"10/26/2014","101.40","98.40","101.75","98.02","194.78M","2.82%"
"10/19/2014","98.62","92.96","98.69","92.80","225.55M","6.04%"
"10/12/2014","93.00","94.29","94.99","90.24","424.21M","-1.52%"
"10/05/2014","94.44","98.47","98.76","94.42","286.20M","-3.80%"
"09/28/2014","98.17","97.80","99.30","95.97","229.47M","-0.62%"
"09/21/2014","98.78","99.74","99.89","97.70","243.36M","-1.20%"
"09/14/2014","99.98","99.59","100.56","98.05","185.46M","0.50%"
"09/07/2014","99.48","99.89","100.46","99.06","152.32M","-0.41%"
"08/31/2014","99.89","100.04","100.34","99.03","99.75M","0.11%"
"08/24/2014","99.78","99.52","99.91","99.08","101.30M","0.74%"
"08/17/2014","99.05","97.89","99.25","97.77","127.78M","1.69%"
"08/10/2014","97.40","95.25","97.63","94.93","164.65M","2.63%"
"08/03/2014","94.90","94.90","95.69","93.89","191.51M","0.24%"
"07/27/2014","94.67","96.80","97.32","94.04","198.73M","-2.14%"
"07/20/2014","96.74","95.92","97.51","95.55","139.08M","0.65%"
"07/13/2014","96.12","95.70","96.30","94.32","160.92M","0.89%"
"07/06/2014","95.27","95.59","95.71","93.63","157.63M","-0.45%"
"06/29/2014","95.70","93.71","95.70","93.67","85.70M","2.08%"
"06/22/2014","93.75","92.73","93.77","92.43","131.06M","1.06%"
"06/15/2014","92.77","92.16","93.17","91.96","144.04M","0.49%"
"06/08/2014","92.32","92.85","93.02","91.73","141.65M","-0.54%"
"06/01/2014","92.82","91.43","92.82","90.64","130.59M","1.65%"
"05/25/2014","91.31","90.28","91.45","90.20","123.16M","1.59%"
"05/18/2014","89.88","87.47","89.90","87.30","155.88M","2.47%"
"05/11/2014","87.71","87.31","88.61","86.58","222.23M","1.05%"
"05/04/2014","86.80","86.98","87.97","85.53","210.75M","-0.79%"
"04/27/2014","87.49","86.58","88.15","85.11","211.26M","1.51%"
"04/20/2014","86.19","86.41","88.21","85.98","192.19M","-0.01%"
"04/13/2014","86.20","84.85","86.63","83.28","231.82M","2.48%"
"04/06/2014","84.11","85.84","87.88","83.91","348.49M","-2.62%"
"03/30/2014","86.37","87.73","89.68","86.14","268.77M","-0.78%"
"03/23/2014","87.05","89.32","89.39","86.40","265.07M","-2.19%"
"03/16/2014","89.00","89.24","90.66","88.83","195.04M","0.37%"
"03/09/2014","88.67","90.48","91.06","88.63","160.92M","-2.05%"
"03/02/2014","90.53","89.48","91.36","88.87","154.64M","0.21%"
"02/23/2014","90.34","89.73","90.96","89.50","179.32M","0.87%"
"02/16/2014","89.56","89.56","90.09","88.94","144.44M","0.13%"
"02/09/2014","89.44","86.87","89.64","86.85","176.02M","2.88%"
"02/02/2014","86.94","85.78","87.00","83.39","216.19M","1.20%"
"01/26/2014","85.91","86.41","86.53","84.41","272.24M","-0.54%"
"01/19/2014","86.38","88.06","88.63","86.35","155.27M","-1.30%"
"01/12/2014","87.52","86.82","88.17","85.32","197.08M","0.67%"
"01/05/2014","86.94","86.29","87.28","85.64","146.92M","0.76%"
"12/29/2013","86.28","87.04","87.60","86.26","108.80M","-1.01%"
"12/22/2013","87.16","86.83","87.54","86.59","73.11M","1.18%"
"12/15/2013","86.14","84.92","86.32","83.70","204.72M","1.94%"
"12/08/2013","84.50","85.99","86.17","84.36","154.13M","-1.33%"
"12/01/2013","85.64","85.48","85.82","84.43","177.37M","0.30%"
"11/24/2013","85.38","83.94","85.49","83.63","86.68M","2.08%"
"11/17/2013","83.64","83.59","83.76","82.11","142.89M","0.04%"
"11/10/2013","83.61","82.05","83.61","81.66","127.89M","1.72%"
"11/03/2013","82.20","82.71","83.06","81.03","154.05M","-0.33%"
"10/27/2013","82.47","82.56","83.14","82.06","161.22M","-0.11%"
"10/20/2013","82.56","81.97","82.94","81.21","172.13M","0.92%"
"10/13/2013","81.81","78.41","81.84","78.35","188.71M","3.69%"
"10/06/2013","78.90","78.39","79.02","76.03","201.70M","-0.21%"
"09/29/2013","79.07","77.95","79.43","77.68","152.52M","0.42%"
"09/22/2013","78.74","79.01","79.08","78.08","122.52M","0.10%"
"09/15/2013","78.66","78.36","79.36","77.35","137.57M","1.18%"
"09/08/2013","77.74","76.91","78.00","76.91","116.19M","1.47%"
"09/01/2013","76.61","75.79","77.02","75.23","99.92M","1.93%"
"08/25/2013","75.16","76.40","76.96","74.65","141.60M","-1.56%"
"08/18/2013","76.35","75.19","76.45","74.83","117.10M","1.57%"
"08/11/2013","75.17","75.88","76.95","74.98","137.58M","-1.31%"
"08/04/2013","76.17","76.57","76.76","75.56","97.99M","-0.63%"
"07/28/2013","76.65","74.91","76.67","74.72","105.07M","2.12%"
"07/21/2013","75.06","74.56","75.07","73.89","114.36M","1.05%"
"07/14/2013","74.28","75.05","75.43","74.06","150.18M","-0.95%"
"07/07/2013","74.99","72.64","75.04","72.08","151.47M","3.75%"
"06/30/2013","72.28","71.46","72.31","71.06","95.66M","1.83%"
"06/23/2013","70.98","69.55","71.39","68.86","145.98M","1.20%"
"06/16/2013","70.14","72.58","73.42","69.55","212.92M","-2.56%"
"06/09/2013","71.98","73.25","73.45","71.25","163.68M","-1.52%"
"06/02/2013","73.09","73.01","73.51","71.17","226.02M","0.19%"
"05/26/2013","72.95","73.94","74.23","72.82","129.91M","-0.22%"
"05/19/2013","73.11","73.78","74.64","72.46","185.54M","-1.19%"
"05/12/2013","73.99","72.63","74.02","72.56","151.33M","1.70%"
"05/05/2013","72.75","71.95","72.80","71.79","119.35M","1.29%"
"04/28/2013","71.82","69.49","72.04","69.47","156.16M","3.67%"
"04/21/2013","69.28","68.05","69.76","67.80","182.51M","2.17%"
"04/14/2013","67.81","69.39","69.50","66.60","236.55M","-2.64%"
"04/07/2013","69.65","67.60","69.88","67.41","174.13M","3.06%"
"03/31/2013","67.58","68.72","68.98","66.91","180.58M","-1.60%"
"03/24/2013","68.68","68.53","68.77","67.73","90.85M","0.54%"
"03/17/2013","68.31","67.60","68.58","67.34","156.22M","0.12%"
"03/10/2013","68.23","68.40","68.72","68.06","147.35M","-0.38%"
"03/03/2013","68.49","66.91","68.73","66.79","131.98M","2.07%"
"02/24/2013","67.10","67.32","67.53","65.69","179.53M","0.36%"
"02/17/2013","66.86","67.61","67.98","65.96","129.46M","-0.90%"
"02/10/2013","67.47","67.74","67.95","67.28","113.03M","-0.35%"
"02/03/2013","67.71","66.97","67.85","66.19","213.07M","0.49%"
"01/27/2013","67.38","66.73","67.50","66.35","190.93M","0.99%"
"01/20/2013","66.72","66.87","67.51","66.28","145.95M","-0.10%"
"01/13/2013","66.79","66.62","67.20","66.06","166.30M","-0.28%"
"01/06/2013","66.98","66.19","67.01","65.90","139.81M","0.95%"
"12/30/2012","66.35","63.42","67.06","63.32","209.59M","4.46%"
"12/23/2012","63.52","64.79","64.91","63.34","119.20M","-2.17%"
"12/16/2012","64.93","64.46","66.48","64.33","224.63M","0.79%"
"12/09/2012","64.42","64.48","66.07","64.20","204.99M","-0.37%"
"12/02/2012","64.66","66.05","66.10","64.26","209.60M","-1.33%"
"11/25/2012","65.53","64.50","65.86","63.98","164.19M","1.39%"
"11/18/2012","64.63","62.71","64.65","62.70","143.40M","4.17%"
"11/11/2012","62.04","63.53","63.61","61.06","284.60M","-1.79%"
"11/04/2012","63.17","64.93","65.90","62.90","238.59M","-2.67%"
"10/28/2012","64.90","65.04","65.94","64.46","109.55M","-0.28%"
"10/21/2012","65.08","65.35","65.92","64.38","238.00M","-0.50%"
"10/14/2012","65.41","66.66","68.02","65.33","226.69M","-1.49%"
"10/07/2012","66.40","68.30","68.44","66.27","199.39M","-3.33%"
"09/30/2012","68.69","68.62","69.51","67.85","160.54M","0.59%"
"09/23/2012","68.29","69.27","69.79","67.57","161.88M","-2.25%"
"09/16/2012","69.86","69.91","70.29","69.58","161.66M","-0.04%"
"09/09/2012","69.89","68.97","70.14","67.93","181.82M","1.08%"
"09/02/2012","69.14","67.75","69.26","67.14","134.22M","1.86%"
"08/26/2012","67.88","68.32","68.39","67.19","141.24M","-0.19%"
"08/19/2012","68.01","67.99","68.60","67.32","180.06M","-0.04%"
"08/12/2012","68.04","66.56","68.05","66.23","131.51M","2.19%"
"08/05/2012","66.58","65.67","66.64","65.53","113.52M","1.91%"
"07/29/2012","65.33","64.74","65.61","63.65","186.00M","1.13%"
"07/22/2012","64.60","62.74","64.72","61.89","236.75M","0.98%"
"07/15/2012","63.97","62.98","65.04","62.37","208.18M","1.35%"
"07/08/2012","63.12","63.77","64.24","61.60","216.47M","-1.14%"
"07/01/2012","63.85","63.96","64.98","63.39","127.04M","-0.06%"
"06/24/2012","63.89","62.58","63.89","61.29","194.01M","1.27%"
"06/17/2012","63.09","62.49","64.30","62.36","192.06M","0.57%"
"06/10/2012","62.73","63.09","63.12","61.42","257.36M","0.19%"
"06/03/2012","62.61","60.32","62.92","59.79","258.97M","4.07%"
"05/27/2012","60.16","62.37","62.89","60.14","227.34M","-2.67%"
"05/20/2012","61.81","60.67","62.69","60.60","296.59M","2.06%"
"05/13/2012","60.56","63.37","64.00","60.51","307.84M","-5.24%"
"05/06/2012","63.91","64.04","64.80","63.22","305.20M","-0.81%"
"04/29/2012","64.43","66.74","67.35","64.42","272.59M","-3.78%"
"04/22/2012","66.96","64.81","67.17","64.18","265.51M","2.37%"
"04/15/2012","65.41","66.25","66.89","64.97","288.50M","-0.77%"
"04/08/2012","65.92","66.60","67.20","65.65","281.75M","-2.25%"
"04/01/2012","67.44","67.18","68.27","66.63","182.37M","0.25%"
"03/25/2012","67.27","67.09","68.23","66.92","216.01M","0.92%"
"03/18/2012","66.66","66.34","67.21","66.18","250.41M","0.63%"
"03/11/2012","66.24","64.70","66.54","64.45","272.73M","2.30%"
"03/04/2012","64.75","64.56","64.87","62.97","230.00M","0.23%"
"02/26/2012","64.60","63.34","64.81","63.07","247.11M","1.41%"
"02/19/2012","63.70","63.25","63.81","62.83","176.93M","0.84%"
"02/12/2012","63.17","62.67","63.60","62.37","353.96M","1.53%"
"02/05/2012","62.22","61.56","62.72","61.41","212.60M","0.70%"
"01/29/2012","61.79","59.63","61.86","59.41","223.22M","2.73%"
"01/22/2012","60.15","59.55","60.55","59.16","224.39M","1.06%"
"01/15/2012","59.52","58.47","59.72","58.25","179.31M","2.73%"
"01/08/2012","57.94","57.71","58.23","57.19","174.46M","0.64%"
"01/01/2012","57.57","56.67","57.70","56.33","156.50M","3.54%"
"12/25/2011","55.60","55.78","56.19","55.21","109.54M","-0.45%"
"12/18/2011","55.85","54.83","55.85","53.95","273.97M","2.23%"
"12/11/2011","54.63","56.19","56.77","54.35","307.36M","-3.79%"
"12/04/2011","56.78","57.25","57.38","55.78","231.20M","0.69%"
"11/27/2011","56.39","53.94","57.10","53.92","247.99M","7.08%"
"11/20/2011","52.66","54.45","54.50","52.65","178.14M","-4.55%"
"11/13/2011","55.17","57.45","58.12","55.07","327.29M","-4.24%"
"11/06/2011","57.61","57.51","58.74","56.00","318.51M","0.09%"
"10/30/2011","57.56","58.17","58.40","55.89","366.15M","-1.94%"
"10/23/2011","58.70","57.28","58.96","55.98","372.35M","2.87%"
"10/16/2011","57.06","57.66","58.05","55.56","365.07M","-1.52%"
"10/09/2011","57.94","54.75","57.95","54.66","329.39M","7.60%"
"10/02/2011","53.85","51.82","54.43","49.89","489.45M","3.02%"
"09/25/2011","52.27","54.19","55.97","52.24","476.02M","-3.08%"
"09/18/2011","53.93","55.67","57.11","52.53","457.38M","-4.31%"
"09/11/2011","56.36","52.39","56.42","52.35","391.19M","6.42%"
"09/04/2011","52.96","51.82","54.94","51.70","227.03M","-0.19%"
"08/28/2011","53.06","53.42","55.51","52.77","283.85M","0.28%"
"08/21/2011","52.91","51.00","53.09","49.85","418.19M","6.20%"
"08/14/2011","49.82","53.55","54.19","49.78","473.88M","-6.62%"
"08/07/2011","53.35","51.99","53.68","49.72","838.74M","-0.48%"
"07/31/2011","53.61","58.43","58.58","52.10","626.83M","-7.18%"
"07/24/2011","57.76","58.89","59.58","57.20","317.70M","-2.68%"
"07/17/2011","59.35","57.30","59.45","56.74","304.27M","3.02%"
"07/10/2011","57.61","58.17","58.47","56.63","385.52M","-2.01%"
"07/03/2011","58.79","57.71","59.11","57.59","216.74M","1.94%"
"06/26/2011","57.67","54.20","57.75","54.10","266.10M","6.48%"
"06/19/2011","54.16","53.44","55.14","53.42","267.17M","1.10%"
"06/12/2011","53.57","54.48","55.24","53.39","274.00M","-1.54%"
"06/05/2011","54.41","56.01","56.30","54.36","241.96M","-3.05%"
"05/29/2011","56.12","57.73","58.12","56.04","207.35M","-1.87%"
"05/22/2011","57.19","56.75","57.25","56.24","195.06M","-0.59%"
"05/15/2011","57.53","57.92","58.10","56.74","258.39M","-1.10%"
"05/08/2011","58.17","58.32","59.06","58.00","269.63M","-0.10%"
"05/01/2011","58.23","58.95","59.09","57.84","284.06M","-1.04%"
"04/24/2011","58.84","58.16","59.04","58.04","224.20M","1.27%"
"04/17/2011","58.10","55.86","58.23","55.09","218.75M","2.98%"
"04/10/2011","56.42","56.92","57.05","55.92","265.15M","-0.51%"
"04/03/2011","56.71","57.38","57.49","56.42","257.06M","-0.89%"
"03/27/2011","57.22","56.85","57.66","56.00","248.93M","1.10%"
"03/20/2011","56.60","55.06","56.98","54.27","297.67M","4.39%"
"03/13/2011","54.22","55.95","56.36","53.55","540.73M","-3.63%"
"03/06/2011","56.26","57.97","58.02","55.59","430.30M","-2.55%"
"02/27/2011","57.73","57.63","58.12","56.46","331.53M","0.56%"
"02/20/2011","57.41","57.76","57.89","55.90","343.25M","-1.85%"
"02/13/2011","58.49","58.19","58.80","57.99","223.99M","0.50%"
"02/06/2011","58.20","57.25","58.24","57.16","264.32M","1.86%"
"01/30/2011","57.14","55.58","57.18","55.16","289.17M","2.95%"
"01/23/2011","55.50","55.56","57.11","55.24","356.97M","0.09%"
"01/16/2011","55.45","56.29","57.02","55.42","285.60M","-2.31%"
"01/09/2011","56.76","55.49","56.78","55.35","255.49M","2.01%"
"01/02/2011","55.64","54.73","55.82","54.69","297.03M","2.60%"
"12/26/2010","54.23","54.39","54.69","53.99","143.69M","-0.53%"
"12/19/2010","54.52","54.36","54.73","53.94","141.37M","0.42%"
"12/12/2010","54.29","54.48","54.51","53.81","302.37M","0.04%"
"12/05/2010","54.27","53.64","54.32","53.46","242.82M","1.16%"
"11/28/2010","53.65","52.48","53.72","51.67","384.78M","1.76%"
"11/21/2010","52.72","52.03","53.03","51.56","223.92M","0.90%"
"11/14/2010","52.25","52.56","52.66","50.64","361.66M","-0.08%"
"11/07/2010","52.29","53.35","53.82","51.89","374.47M","-2.17%"
"10/31/2010","53.45","52.16","53.64","51.77","397.06M","2.87%"
"10/24/2010","51.96","51.64","52.27","51.21","277.28M","1.03%"
"10/17/2010","51.43","51.31","51.51","50.21","392.40M","0.29%"
"10/10/2010","51.28","49.57","51.29","49.06","379.69M","3.51%"
"10/03/2010","49.54","48.66","49.66","48.00","411.41M","1.50%"
"09/26/2010","48.81","49.44","49.63","48.39","430.63M","-1.29%"
"09/19/2010","49.45","47.98","49.48","47.91","419.74M","3.45%"
"09/12/2010","47.80","46.76","47.94","46.75","366.30M","3.00%"
"09/05/2010","46.41","45.63","46.51","45.44","246.55M","1.29%"
"08/29/2010","45.82","43.69","45.83","43.00","310.82M","4.40%"
"08/22/2010","43.89","45.06","45.15","42.79","436.87M","-1.88%"
"08/15/2010","44.73","44.30","45.63","44.12","324.01M","0.43%"
"08/08/2010","44.54","46.82","46.99","44.27","318.24M","-4.36%"
"08/01/2010","46.57","46.19","46.80","45.86","283.88M","2.08%"
"07/25/2010","45.62","45.93","46.53","44.88","369.15M","-0.55%"
"07/18/2010","45.87","44.30","45.91","43.68","418.39M","3.87%"
"07/11/2010","44.16","44.40","45.62","44.12","436.76M","-0.63%"
"07/04/2010","44.44","42.91","44.45","42.08","287.17M","5.08%"
"06/27/2010","42.29","45.10","45.36","41.60","546.34M","-6.19%"
"06/20/2010","45.08","47.40","47.48","44.76","486.13M","-3.70%"
"06/13/2010","46.81","45.72","47.14","45.22","375.85M","3.31%"
"06/06/2010","45.31","45.15","45.35","43.41","475.74M","0.89%"
"05/30/2010","44.91","45.26","46.58","44.75","413.27M","-1.10%"
"05/23/2010","45.41","44.62","45.80","43.05","648.50M","1.70%"
"05/16/2010","44.65","46.85","47.38","43.31","812.96M","-4.47%"
"05/09/2010","46.74","47.22","48.59","46.19","584.93M","3.36%"
"05/02/2010","45.22","49.23","49.96","41.38","906.42M","-7.77%"
"04/25/2010","49.03","50.32","50.44","48.78","505.13M","-2.54%"
"04/18/2010","50.31","49.16","50.36","48.70","430.23M","1.99%"
"04/11/2010","49.33","48.85","49.98","48.66","372.30M","1.02%"
"04/04/2010","48.83","48.06","48.85","47.94","310.08M","1.81%"
"03/28/2010","47.96","48.03","48.50","47.59","251.12M","0.33%"
"03/21/2010","47.80","47.11","48.40","47.05","348.53M","1.08%"
"03/14/2010","47.29","47.06","47.75","46.72","374.91M","0.28%"
"03/07/2010","47.16","46.27","47.33","46.21","390.87M","1.97%"
"02/28/2010","46.25","44.76","46.35","44.76","342.01M","3.77%"
"02/21/2010","44.57","44.82","44.84","43.65","418.64M","-0.16%"
"02/14/2010","44.64","43.90","44.86","43.67","312.72M","2.43%"
"02/07/2010","43.58","42.74","43.70","42.46","494.41M","1.82%"
"01/31/2010","42.80","42.73","43.79","41.95","706.41M","0.45%"
"01/24/2010","42.61","44.21","44.70","42.45","890.23M","-3.12%"
"01/17/2010","43.98","45.77","46.45","43.86","606.11M","-3.68%"
"01/10/2010","45.66","46.41","46.45","45.34","498.69M","-1.51%"
"01/03/2010","46.36","46.13","46.36","45.73","387.77M","1.76%"
"12/27/2009","45.56","45.89","46.11","45.56","189.48M","-0.50%"
"12/20/2009","45.79","44.49","45.79","44.49","239.65M","3.41%"
"12/13/2009","44.28","44.25","44.52","43.58","357.65M","0.75%"
"12/06/2009","43.95","43.90","44.41","43.14","376.28M","0.02%"
"11/29/2009","43.94","43.23","44.55","42.93","445.81M","1.41%"
"11/22/2009","43.33","43.69","44.22","42.72","251.15M","0.16%"
"11/15/2009","43.26","44.01","44.47","43.10","455.37M","-1.30%"
"11/08/2009","43.83","42.74","43.98","42.70","439.53M","3.32%"
"11/01/2009","42.42","40.84","42.47","40.47","577.12M","4.00%"
"10/25/2009","40.79","42.99","43.58","40.75","620.06M","-5.03%"
"10/18/2009","42.95","42.63","43.64","42.41","486.66M","0.82%"
"10/11/2009","42.60","42.45","43.11","42.11","412.80M","0.71%"
"10/04/2009","42.30","40.92","42.44","40.66","486.15M","3.91%"
"09/27/2009","40.71","41.75","42.48","40.55","649.68M","-1.97%"
"09/20/2009","41.53","42.05","42.99","41.41","511.15M","-1.73%"
"09/13/2009","42.26","41.06","42.48","41.04","468.67M","2.20%"
"09/06/2009","41.35","40.48","41.45","40.29","363.47M","2.89%"
"08/30/2009","40.19","39.99","40.42","38.86","503.78M","-0.20%"
"08/23/2009","40.27","40.19","40.91","39.51","535.48M","0.37%"
"08/16/2009","40.12","38.81","40.19","38.30","500.57M","1.65%"
"08/09/2009","39.47","39.57","40.05","38.89","560.91M","-0.63%"
"08/02/2009","39.72","39.69","40.02","39.08","554.96M","1.09%"
"07/26/2009","39.29","39.13","40.01","38.71","520.00M","1.03%"
"07/19/2009","38.89","37.59","39.33","37.45","611.44M","3.98%"
"07/12/2009","37.40","34.81","37.41","34.34","628.39M","7.53%"
"07/05/2009","34.78","35.23","35.39","34.16","616.52M","-1.89%"
"06/28/2009","35.45","36.29","36.69","35.35","390.95M","-2.13%"
"06/21/2009","36.22","35.65","36.35","34.63","556.15M","0.58%"
"06/14/2009","36.01","36.13","36.21","35.30","624.44M","-1.34%"
"06/07/2009","36.50","36.38","37.08","35.97","589.15M","-0.35%"
"05/31/2009","36.63","35.58","36.93","35.46","550.62M","3.97%"
"05/24/2009","35.23","33.05","35.35","33.04","496.72M","5.48%"
"05/17/2009","33.40","33.45","34.90","33.17","598.07M","0.51%"
"05/10/2009","33.23","33.64","34.58","32.82","727.51M","-2.52%"
"05/03/2009","34.09","34.53","35.19","33.74","811.79M","-0.41%"
"04/26/2009","34.23","33.28","34.76","33.21","615.36M","2.03%"
"04/19/2009","33.55","32.56","33.79","31.93","756.63M","1.15%"
"04/12/2009","33.17","32.66","33.36","31.72","669.19M","1.13%"
"04/05/2009","32.80","31.84","32.87","31.08","565.94M","1.80%"
"03/29/2009","32.22","30.16","32.27","29.50","797.96M","4.99%"
"03/22/2009","30.69","29.74","31.33","29.08","829.66M","5.61%"
"03/15/2009","29.06","28.78","30.08","28.07","864.53M","1.54%"
"03/08/2009","28.62","25.94","28.72","25.52","870.66M","9.28%"
"03/01/2009","26.19","27.01","27.60","25.60","929.86M","-4.49%"
"02/22/2009","27.42","28.91","29.05","27.28","986.80M","-4.63%"
"02/15/2009","28.75","29.35","29.55","28.27","685.13M","-5.12%"
"02/08/2009","30.30","31.26","31.55","29.52","847.03M","-3.01%"
"02/01/2009","31.24","28.65","31.38","28.62","805.35M","7.95%"
"01/25/2009","28.94","28.84","30.52","28.63","662.32M","0.56%"
"01/18/2009","28.78","29.17","29.31","27.84","655.26M","-1.77%"
"01/11/2009","29.30","30.00","30.03","27.95","794.55M","-2.17%"
"01/04/2009","29.95","30.69","31.50","29.80","611.79M","-3.07%"
"12/28/2008","30.90","29.11","31.00","28.34","327.02M","6.51%"
"12/21/2008","29.01","29.74","29.80","28.62","212.38M","-2.45%"
"12/14/2008","29.74","29.61","30.53","28.62","701.06M","0.61%"
"12/07/2008","29.56","29.43","30.70","28.35","852.76M","2.57%"
"11/30/2008","28.82","28.38","28.95","26.73","963.36M","-0.62%"
"11/23/2008","29.00","27.11","29.24","26.87","634.57M","9.19%"
"11/16/2008","26.56","28.37","29.11","24.95","1.33B","-7.97%"
"11/09/2008","28.86","31.81","31.84","27.17","1.07B","-7.08%"
"11/02/2008","31.06","32.67","33.87","30.27","892.94M","-5.16%"
"10/26/2008","32.75","29.02","33.29","28.54","1.39B","11.43%"
"10/19/2008","29.39","32.65","33.12","27.97","1.46B","-8.64%"
"10/12/2008","32.17","32.72","36.00","29.13","1.75B","3.14%"
"10/05/2008","31.19","35.11","35.38","29.26","2.00B","-13.43%"
"09/28/2008","36.03","40.09","40.21","35.95","1.14B","-11.93%"
"09/21/2008","40.91","42.57","42.66","40.05","841.22M","-4.24%"
"09/14/2008","42.72","42.22","43.65","39.34","1.99B","-1.23%"
"09/07/2008","43.25","43.86","44.04","42.00","1.06B","-0.05%"
"08/31/2008","43.27","46.67","46.89","42.63","791.43M","-5.79%"
"08/24/2008","45.93","46.96","47.08","45.73","589.88M","-2.88%"
"08/17/2008","47.29","48.09","48.11","46.19","677.73M","-1.38%"
"08/10/2008","47.95","47.10","48.37","46.95","748.74M","1.76%"
"08/03/2008","47.12","44.68","47.24","44.12","697.42M","5.44%"
"07/27/2008","44.69","45.08","45.96","44.03","793.11M","-0.87%"
"07/20/2008","45.08","44.81","45.70","43.68","707.07M","1.51%"
"07/13/2008","44.41","44.94","45.63","43.12","1.01B","0.07%"
"07/06/2008","44.38","44.86","45.84","43.67","1.06B","-0.16%"
"06/29/2008","44.45","45.34","45.94","44.10","701.27M","-2.22%"
"06/22/2008","45.46","47.42","47.80","44.78","860.25M","-3.73%"
"06/15/2008","47.22","47.92","48.86","47.01","847.44M","-1.97%"
"06/08/2008","48.17","48.91","48.99","46.81","899.84M","-1.35%"
"06/01/2008","48.83","49.71","50.40","48.47","802.80M","-1.95%"
"05/25/2008","49.80","48.12","50.03","48.09","466.51M","3.75%"
"05/18/2008","48.00","49.84","50.26","47.62","745.06M","-3.61%"
"05/11/2008","49.80","48.08","49.90","48.00","622.49M","3.73%"
"05/04/2008","48.01","48.53","49.03","47.67","580.34M","-1.15%"
"04/27/2008","48.57","47.05","48.99","46.84","563.25M","3.43%"
"04/20/2008","46.96","46.42","47.59","45.74","607.72M","0.95%"
"04/13/2008","46.52","44.03","46.74","43.50","605.61M","5.49%"
"04/06/2008","44.10","45.96","46.22","43.94","560.37M","-3.44%"
"03/30/2008","45.67","43.47","46.16","43.27","662.94M","5.45%"
"03/23/2008","43.31","43.10","44.88","43.10","623.83M","0.93%"
"03/16/2008","42.91","41.09","43.42","40.88","753.99M","1.97%"
"03/09/2008","42.08","41.84","43.26","41.00","1.02B","0.43%"
"03/02/2008","41.90","42.75","43.36","41.21","896.01M","-2.03%"
"02/24/2008","42.77","43.44","44.35","42.67","713.42M","-1.68%"
"02/17/2008","43.50","44.21","44.32","42.42","533.07M","-0.32%"
"02/10/2008","43.64","43.60","44.69","43.27","684.58M","0.51%"
"02/03/2008","43.42","45.39","45.42","41.98","927.61M","-4.36%"
"01/27/2008","45.40","43.84","45.69","43.39","931.80M","3.63%"
"01/20/2008","43.81","42.65","45.68","41.44","1.17B","-2.99%"
"01/13/2008","45.16","47.49","47.81","44.57","1.20B","-3.63%"
"01/06/2008","46.86","48.21","48.56","46.27","1.21B","-2.78%"
"12/30/2007","48.20","51.35","51.47","48.01","549.25M","-6.68%"
"12/23/2007","51.65","51.79","52.41","51.22","226.33M","0.02%"
"12/16/2007","51.64","50.57","51.69","48.98","701.56M","1.73%"
"12/09/2007","50.76","52.22","52.62","50.68","687.79M","-2.59%"
"12/02/2007","52.11","50.93","52.32","50.17","548.38M","1.98%"
"11/25/2007","51.10","49.77","52.03","48.70","922.09M","2.96%"
"11/18/2007","49.63","49.96","50.57","48.65","758.61M","-0.88%"
"11/11/2007","50.07","49.71","51.23","48.45","1.32B","0.56%"
"11/04/2007","49.79","53.64","54.46","49.79","1.17B","-8.12%"
"10/28/2007","54.19","53.97","54.84","53.38","764.80M","0.89%"
"10/21/2007","53.71","51.94","53.99","51.78","1.05B","2.85%"
"10/14/2007","52.22","53.39","53.67","52.17","888.85M","-2.04%"
"10/07/2007","53.31","52.58","53.72","52.06","620.47M","1.35%"
"09/30/2007","52.60","51.24","52.68","51.13","478.04M","2.73%"
"09/23/2007","51.20","50.28","51.47","50.12","453.42M","2.09%"
"09/16/2007","50.15","48.79","52.55","48.39","560.17M","2.31%"
"09/09/2007","49.02","48.42","49.17","47.61","502.89M","2.06%"
"09/02/2007","48.03","48.72","49.79","47.75","464.19M","-1.31%"
"08/26/2007","48.67","47.85","48.86","46.52","525.34M","1.40%"
"08/19/2007","48.00","46.29","48.04","45.89","582.42M","4.08%"
"08/12/2007","46.12","47.48","47.68","45.26","1.07B","-2.04%"
"08/05/2007","47.08","47.26","48.86","46.44","1.01B","-0.30%"
"07/29/2007","47.22","48.01","48.79","46.79","1.07B","-1.19%"
"07/22/2007","47.79","50.00","50.10","47.79","1.02B","-4.11%"
"07/15/2007","49.84","49.69","50.45","49.43","627.84M","0.30%"
"07/08/2007","49.69","48.70","49.76","48.12","452.71M","2.12%"
"07/01/2007","48.66","47.51","48.71","47.48","255.13M","2.66%"
"06/24/2007","47.40","47.11","47.68","46.51","647.46M","0.66%"
"06/17/2007","47.09","47.65","47.72","46.89","644.01M","-0.93%"
"06/10/2007","47.53","46.70","47.67","46.26","601.25M","1.73%"
"06/03/2007","46.72","47.07","47.44","45.97","799.02M","-1.10%"
"05/27/2007","47.24","46.30","47.57","46.16","470.06M","2.12%"
"05/20/2007","46.26","46.55","47.17","45.78","623.96M","-0.56%"
"05/13/2007","46.52","46.58","46.69","45.72","658.48M","-0.15%"
"05/06/2007","46.59","46.46","46.78","45.88","533.35M","0.32%"
"04/29/2007","46.44","46.31","46.70","45.47","512.21M","0.13%"
"04/22/2007","46.38","45.25","46.51","45.14","496.62M","2.59%"
"04/15/2007","45.21","44.64","45.48","44.54","454.91M","1.66%"
"04/08/2007","44.47","44.53","44.56","43.77","465.87M","0.20%"
"04/01/2007","44.38","43.49","44.40","43.12","334.98M","2.38%"
"03/25/2007","43.35","43.96","44.14","42.92","580.75M","-1.34%"
"03/18/2007","43.94","42.88","44.27","42.77","534.52M","3.02%"
"03/11/2007","42.65","42.70","43.10","41.93","665.18M","-0.35%"
"03/04/2007","42.80","41.99","43.16","41.89","696.74M","1.18%"
"02/25/2007","42.30","45.29","45.31","42.07","1.05B","-6.15%"
"02/18/2007","45.07","44.47","45.36","44.25","419.52M","1.21%"
"02/11/2007","44.53","43.70","44.67","43.41","538.95M","1.99%"
"02/04/2007","43.66","43.96","44.54","43.46","558.66M","-0.73%"
"01/28/2007","43.98","43.27","44.22","43.15","577.76M","1.36%"
"01/21/2007","43.39","44.03","44.29","43.11","679.18M","-1.36%"
"01/14/2007","43.99","45.13","45.21","43.73","540.34M","-2.50%"
"01/07/2007","45.12","43.70","45.16","43.45","627.82M","3.32%"
"12/31/2006","43.67","43.28","44.03","42.34","446.89M","1.61%"
"12/24/2006","42.98","42.75","43.43","42.70","250.96M","0.54%"
"12/17/2006","42.75","44.40","44.56","42.75","521.38M","-3.39%"
"12/10/2006","44.25","43.65","44.57","43.38","472.42M","1.21%"
"12/03/2006","43.72","43.61","44.37","43.29","511.74M","0.55%"
"11/26/2006","43.48","44.34","44.43","43.08","686.99M","-2.23%"
"11/19/2006","44.47","43.98","44.67","43.83","297.07M","0.79%"
"11/12/2006","44.12","42.88","44.24","42.82","536.50M","2.96%"
"11/05/2006","42.85","41.89","43.17","41.89","628.45M","2.61%"
"10/29/2006","41.76","42.00","42.59","41.44","608.29M","-0.67%"
"10/22/2006","42.04","41.75","42.74","41.65","616.34M","0.50%"
"10/15/2006","41.83","42.25","42.44","41.42","543.06M","-0.99%"
"10/08/2006","42.25","41.20","42.34","41.00","473.41M","2.45%"
"10/01/2006","41.24","40.43","41.39","39.72","540.59M","1.88%"
"09/24/2006","40.48","39.88","40.78","39.52","534.76M","1.94%"
"09/17/2006","39.71","39.95","40.50","39.36","621.48M","-0.58%"
"09/10/2006","39.94","38.25","40.29","38.16","618.54M","3.58%"
"09/03/2006","38.56","38.95","39.32","38.20","396.02M","-0.92%"
"08/27/2006","38.92","38.12","39.05","38.02","391.28M","1.99%"
"08/20/2006","38.16","38.31","38.65","37.76","417.46M","-1.22%"
"08/13/2006","38.63","36.71","38.82","36.55","606.01M","6.18%"
"08/06/2006","36.38","36.77","37.16","36.11","529.01M","-1.14%"
"07/30/2006","36.80","36.93","37.47","36.11","486.87M","-0.43%"
"07/23/2006","36.96","35.70","36.99","35.65","539.64M","3.97%"
"07/16/2006","35.55","35.80","36.68","35.39","806.37M","-0.67%"
"07/09/2006","35.79","37.63","37.77","35.64","745.90M","-4.64%"
"07/02/2006","37.53","38.72","38.84","37.41","294.04M","-2.80%"
"06/25/2006","38.61","38.01","38.98","37.23","550.12M","1.63%"
"06/18/2006","37.99","38.34","38.83","37.75","593.80M","-0.50%"
"06/11/2006","38.18","38.04","38.63","37.01","875.41M","0.50%"
"06/04/2006","37.99","39.39","39.40","37.33","786.18M","-3.77%"
"05/28/2006","39.48","39.15","39.83","38.38","491.02M","0.38%"
"05/21/2006","39.33","38.86","39.42","38.07","762.11M","0.36%"
"05/14/2006","39.19","39.86","40.17","38.59","802.27M","-2.07%"
"05/07/2006","40.02","41.91","42.11","39.79","481.08M","-4.69%"
"04/30/2006","41.99","41.75","42.13","41.11","422.20M","0.74%"
"04/23/2006","41.68","41.79","42.31","41.33","501.79M","-0.36%"
"04/16/2006","41.83","41.87","42.68","41.22","519.15M","-0.24%"
"04/09/2006","41.93","42.22","42.32","41.54","272.84M","-0.52%"
"04/02/2006","42.15","41.98","42.87","41.73","470.76M","0.93%"
"03/26/2006","41.76","41.11","42.13","40.82","472.71M","1.53%"
"03/19/2006","41.13","41.42","41.84","40.65","466.16M","-0.36%"
"03/12/2006","41.28","40.59","41.75","40.45","451.40M","2.20%"
"03/05/2006","40.39","41.36","41.46","40.02","533.23M","-2.16%"
"02/26/2006","41.28","41.20","41.84","40.80","445.54M","0.46%"
"02/19/2006","41.09","41.04","41.37","40.44","299.72M","0.12%"
"02/12/2006","41.04","40.55","41.38","40.13","443.33M","0.61%"
"02/05/2006","40.79","40.73","41.20","40.09","416.27M","0.10%"
"01/29/2006","40.75","41.98","42.15","40.61","459.76M","-2.84%"
"01/22/2006","41.94","41.20","42.21","40.91","512.85M","2.09%"
"01/15/2006","41.08","42.48","42.64","40.98","500.31M","-4.02%"
"01/08/2006","42.80","42.48","43.13","42.34","412.99M","0.71%"
"01/01/2006","42.50","40.48","42.52","39.99","390.02M","5.62%"
"12/25/2005","40.24","41.35","41.51","40.19","213.35M","-2.40%"
"12/18/2005","41.23","41.51","41.54","40.58","311.76M","-0.43%"
"12/11/2005","41.41","41.70","42.04","41.38","331.48M","-0.31%"
"12/04/2005","41.54","41.88","42.14","41.10","395.56M","-0.93%"
"11/27/2005","41.93","41.80","41.96","41.02","405.05M","0.50%"
"11/20/2005","41.72","41.23","41.85","41.07","245.58M","1.07%"
"11/13/2005","41.28","40.60","41.48","40.21","402.38M","1.83%"
"11/06/2005","40.54","40.03","40.75","39.75","417.56M","1.58%"
"10/30/2005","39.91","38.27","40.06","38.26","528.62M","4.59%"
"10/23/2005","38.16","38.55","39.11","37.76","519.59M","-0.60%"
"10/16/2005","38.39","37.90","38.70","37.45","527.98M","1.29%"
"10/09/2005","37.90","38.13","38.30","37.18","594.99M","-0.73%"
"10/02/2005","38.18","39.38","39.72","37.76","526.71M","-2.85%"
"09/25/2005","39.30","38.81","39.32","38.29","402.53M","1.84%"
"09/18/2005","38.59","39.16","39.38","38.08","494.67M","-1.66%"
"09/11/2005","39.24","39.47","39.74","38.89","368.09M","-0.56%"
"09/04/2005","39.46","38.77","39.53","38.74","284.53M","2.20%"
"08/28/2005","38.61","38.10","38.99","38.10","384.12M","0.81%"
"08/21/2005","38.30","38.72","39.02","38.11","362.06M","-0.93%"
"08/14/2005","38.66","38.98","39.47","38.58","358.52M","-1.00%"
"08/07/2005","39.05","39.36","39.52","38.81","413.83M","-0.69%"
"07/31/2005","39.32","39.48","39.97","39.26","344.90M","-0.23%"
"07/24/2005","39.41","39.30","39.76","39.03","347.23M","0.38%"
"07/17/2005","39.26","38.61","39.53","38.53","429.30M","1.37%"
"07/10/2005","38.73","37.71","38.84","37.64","426.06M","2.98%"
"07/03/2005","37.61","36.48","37.65","36.40","380.31M","2.84%"
"06/26/2005","36.57","36.80","37.11","36.53","361.11M","-0.68%"
"06/19/2005","36.82","37.56","38.02","36.81","506.15M","-2.36%"
"06/12/2005","37.71","37.33","38.05","37.10","428.89M","0.86%"
"06/05/2005","37.39","37.96","38.31","37.23","427.40M","-1.45%"
"05/29/2005","37.94","38.03","38.52","37.76","359.50M","-0.29%"
"05/22/2005","38.05","37.50","38.11","37.43","404.79M","1.47%"
"05/15/2005","37.50","36.09","37.53","35.98","459.70M","3.91%"
"05/08/2005","36.09","35.72","36.32","35.15","525.92M","1.06%"
"05/01/2005","35.71","34.95","35.87","34.74","420.24M","2.50%"
"04/24/2005","34.84","35.15","35.55","34.21","536.13M","-0.29%"
"04/17/2005","34.94","34.59","35.56","34.45","588.83M","0.98%"
"04/10/2005","34.60","36.60","36.63","34.54","654.63M","-5.18%"
"04/03/2005","36.49","36.10","36.92","35.88","429.95M","1.22%"
"03/27/2005","36.05","36.26","36.73","35.79","524.93M","-0.19%"
"03/20/2005","36.12","36.44","36.60","35.92","382.21M","-0.66%"
"03/13/2005","36.36","37.09","37.33","36.20","536.26M","-1.78%"
"03/06/2005","37.02","37.44","38.13","36.87","483.51M","-0.91%"
"02/27/2005","37.36","37.31","37.86","36.77","460.05M","-0.27%"
"02/20/2005","37.46","36.88","37.54","36.55","398.04M","0.70%"
"02/13/2005","37.20","37.54","38.32","37.11","454.60M","-0.91%"
"02/06/2005","37.54","37.64","37.85","36.73","457.49M","-0.13%"
"01/30/2005","37.59","37.21","37.66","36.85","458.40M","2.23%"
"01/23/2005","36.77","36.99","37.14","36.31","586.93M","-0.35%"
"01/16/2005","36.90","38.12","38.63","36.84","433.95M","-3.58%"
"01/09/2005","38.27","38.29","38.71","37.85","519.64M","-0.31%"
"01/02/2005","38.39","39.90","40.13","38.05","593.38M","-3.42%"
"12/26/2004","39.75","39.80","39.99","39.24","265.88M","0.40%"
"12/19/2004","39.59","39.42","39.76","38.93","307.94M","0.71%"
"12/12/2004","39.31","40.07","40.51","37.06","450.07M","-1.13%"
"12/05/2004","39.76","39.95","40.33","38.65","509.29M","-0.50%"
"11/28/2004","39.96","39.30","40.42","38.81","521.53M","2.33%"
"11/21/2004","39.05","38.45","39.32","38.32","277.33M","1.38%"
"11/14/2004","38.52","38.48","39.20","38.16","519.29M","0.05%"
"11/07/2004","38.50","37.79","38.60","37.48","449.56M","1.85%"
"10/31/2004","37.80","36.83","38.00","36.65","552.75M","2.86%"
"10/24/2004","36.75","35.58","37.09","35.26","565.92M","3.09%"
"10/17/2004","35.65","35.36","36.64","35.25","585.26M","0.48%"
"10/10/2004","35.48","35.54","35.99","35.05","511.13M","0.14%"
"10/03/2004","35.43","36.21","36.80","35.35","483.98M","-1.45%"
"09/26/2004","35.95","34.48","36.00","34.09","462.32M","3.72%"
"09/19/2004","34.66","35.14","35.70","34.61","502.62M","-1.76%"
"09/12/2004","35.28","35.10","35.58","34.95","428.18M","0.89%"
"09/05/2004","34.97","34.26","35.04","33.98","411.59M","2.85%"
"08/29/2004","34.00","34.27","34.74","33.51","414.15M","-1.22%"
"08/22/2004","34.42","33.91","34.54","33.67","375.38M","1.62%"
"08/15/2004","33.87","32.48","34.00","32.45","474.53M","4.57%"
"08/08/2004","32.39","32.67","33.34","32.22","511.96M","-0.58%"
"08/01/2004","32.58","34.47","34.88","32.52","512.96M","-6.24%"
"07/25/2004","34.75","34.10","34.95","33.56","553.81M","2.00%"
"07/18/2004","34.07","34.64","35.50","33.89","602.77M","-1.33%"
"07/11/2004","34.53","35.42","35.66","34.48","494.40M","-3.01%"
"07/04/2004","35.60","36.45","36.45","35.40","421.60M","-2.92%"
"06/27/2004","36.67","37.33","37.74","36.48","456.83M","-1.37%"
"06/20/2004","37.18","36.37","37.24","35.87","435.87M","2.45%"
"06/13/2004","36.29","36.46","36.84","35.95","399.43M","-1.09%"
"06/06/2004","36.69","36.29","37.04","36.19","335.66M","1.80%"
"05/30/2004","36.04","36.11","36.51","35.67","383.30M","-0.99%"
"05/23/2004","36.40","35.15","36.40","34.80","396.91M","4.39%"
"05/16/2004","34.87","34.24","35.36","33.97","595.75M","0.75%"
"05/09/2004","34.61","34.53","35.30","34.13","747.79M","-0.63%"
"05/02/2004","34.83","34.86","35.60","34.71","581.39M","0.58%"
"04/25/2004","34.63","37.03","37.14","34.58","581.97M","-6.56%"
"04/18/2004","37.06","35.86","37.11","35.30","555.02M","3.12%"
"04/11/2004","35.94","36.92","37.21","35.64","504.74M","-2.31%"
"04/04/2004","36.79","36.89","37.34","36.51","334.50M","-0.43%"
"03/28/2004","36.95","35.36","37.01","35.34","525.04M","5.36%"
"03/21/2004","35.07","34.39","35.44","33.87","600.38M","1.33%"
"03/14/2004","34.61","35.21","35.47","34.49","543.16M","-2.12%"
"03/07/2004","35.36","36.54","36.67","34.66","644.35M","-3.07%"
"02/29/2004","36.48","36.53","37.03","36.06","439.65M","0.16%"
"02/22/2004","36.42","36.85","36.88","35.75","495.41M","-0.79%"
"02/15/2004","36.71","37.13","37.74","36.40","374.36M","-0.22%"
"02/08/2004","36.79","37.19","37.81","36.61","377.89M","-0.51%"
"02/01/2004","36.98","37.05","37.60","36.18","482.72M","0.16%"
"01/25/2004","36.92","37.82","38.49","36.51","538.59M","-2.46%"
"01/18/2004","37.85","38.57","38.84","37.62","374.17M","-1.46%"
"01/11/2004","38.41","37.69","38.47","37.44","421.82M","2.24%"
"01/04/2004","37.57","36.43","38.19","36.41","374.32M","3.76%"
"12/28/2003","36.21","35.88","36.64","35.87","227.45M","1.43%"
"12/21/2003","35.70","35.20","35.94","35.14","201.02M","1.10%"
"12/14/2003","35.31","35.78","35.84","34.28","444.55M","0.63%"
"12/07/2003","35.09","34.88","35.31","33.99","481.43M","0.54%"
"11/30/2003","34.90","35.56","35.97","34.81","445.93M","-0.94%"
"11/23/2003","35.23","34.38","35.37","34.33","262.48M","3.34%"
"11/16/2003","34.09","34.70","34.83","33.59","503.17M","-2.32%"
"11/09/2003","34.90","35.55","35.87","34.71","381.50M","-1.63%"
"11/02/2003","35.48","35.28","36.03","35.00","354.13M","1.28%"
"10/26/2003","35.03","34.14","35.85","33.90","395.82M","2.85%"
"10/19/2003","34.06","34.51","35.53","33.35","441.45M","-1.19%"
"10/12/2003","34.47","34.99","35.70","34.46","395.28M","-1.15%"
"10/05/2003","34.87","34.14","35.12","33.87","387.63M","2.41%"
"09/28/2003","34.05","32.62","34.33","32.22","520.07M","4.93%"
"09/21/2003","32.45","33.99","34.66","32.39","515.80M","-5.78%"
"09/14/2003","34.44","33.70","34.72","33.31","383.61M","2.26%"
"09/07/2003","33.68","33.86","34.39","32.87","471.17M","-0.36%"
"08/31/2003","33.80","33.35","34.20","32.99","320.81M","1.65%"
"08/24/2003","33.25","32.23","33.32","31.68","278.88M","2.91%"
"08/17/2003","32.31","31.18","33.23","30.92","364.58M","4.09%"
"08/10/2003","31.04","29.96","31.16","29.91","260.98M","3.64%"
"08/03/2003","29.95","31.29","31.79","29.81","438.61M","-4.40%"
"07/27/2003","31.33","31.73","32.20","31.10","352.84M","-1.07%"
"07/20/2003","31.67","31.11","31.89","30.48","439.63M","1.67%"
"07/13/2003","31.15","32.21","32.61","30.79","433.76M","-1.77%"
"07/06/2003","31.71","30.84","32.36","30.83","432.03M","4.14%"
"06/29/2003","30.45","30.04","30.97","29.14","310.14M","2.49%"
"06/22/2003","29.71","30.20","30.44","29.35","425.96M","-1.79%"
"06/15/2003","30.25","30.05","31.11","29.88","370.77M","1.37%"
"06/08/2003","29.84","29.88","30.62","29.41","415.40M","-0.57%"
"06/01/2003","30.01","29.96","31.34","28.54","519.27M","1.15%"
"05/25/2003","29.67","27.81","29.75","27.78","353.85M","6.04%"
"05/18/2003","27.98","28.40","28.56","27.30","328.46M","-2.10%"
"05/11/2003","28.58","28.24","28.87","28.05","328.28M","1.03%"
"05/04/2003","28.29","28.21","28.78","27.65","367.70M","0.46%"
"04/27/2003","28.16","26.94","28.17","26.84","351.72M","4.92%"
"04/20/2003","26.84","26.84","27.64","26.51","330.26M","0.49%"
"04/13/2003","26.71","25.49","26.87","25.39","259.24M","5.16%"
"04/06/2003","25.40","27.00","27.09","25.20","340.35M","-2.08%"
"03/30/2003","25.94","25.49","26.74","25.11","376.05M","-0.12%"
"03/23/2003","25.97","26.36","26.66","25.84","341.83M","-4.03%"
"03/16/2003","27.06","25.32","27.27","25.25","516.47M","5.66%"
"03/09/2003","25.61","24.23","25.87","23.44","407.46M","4.79%"
"03/02/2003","24.44","25.17","25.37","23.86","318.82M","-2.47%"
"02/23/2003","25.06","25.03","25.12","23.98","308.70M","-0.04%"
"02/16/2003","25.07","24.60","25.27","24.41","250.00M","2.79%"
"02/09/2003","24.39","23.80","24.51","23.22","342.92M","2.87%"
"02/02/2003","23.71","24.43","24.76","23.55","378.97M","-2.59%"
"01/26/2003","24.34","24.35","25.34","23.91","398.83M","-1.54%"
"01/19/2003","24.72","25.30","25.73","24.54","302.35M","-1.94%"
"01/12/2003","25.21","27.22","27.36","25.17","322.97M","-6.60%"
"01/05/2003","26.99","25.60","27.15","25.10","389.43M","5.55%"
"12/29/2002","25.57","24.74","25.60","24.18","208.94M","3.44%"
"12/22/2002","24.72","25.08","25.80","24.65","139.17M","-1.98%"
"12/15/2002","25.22","25.12","26.09","24.71","352.83M","1.12%"
"12/08/2002","24.94","26.11","26.58","24.91","345.31M","-5.39%"
"12/01/2002","26.36","28.30","28.67","25.63","460.40M","-4.53%"
"11/24/2002","27.61","27.65","28.17","26.79","261.14M","0.00%"
"11/17/2002","27.61","26.60","27.82","25.20","420.26M","4.86%"
"11/10/2002","26.33","24.85","26.34","24.05","439.02M","5.45%"
"11/03/2002","24.97","25.94","26.71","24.86","466.88M","-0.72%"
"10/27/2002","25.15","24.90","25.29","23.27","452.47M","2.57%"
"10/20/2002","24.52","23.42","24.76","23.20","425.47M","3.42%"
"10/13/2002","23.71","21.78","23.75","21.69","476.45M","7.14%"
"10/06/2002","22.13","20.18","22.29","19.68","511.81M","9.18%"
"09/29/2002","20.27","20.98","21.90","20.03","444.92M","-4.48%"
"09/22/2002","21.22","21.36","22.24","20.56","459.19M","-1.67%"
"09/15/2002","21.58","22.77","23.11","21.39","405.05M","-5.72%"
"09/08/2002","22.89","22.58","24.25","22.30","371.86M","0.57%"
"09/01/2002","22.76","22.96","23.33","21.84","343.31M","-2.69%"
"08/25/2002","23.39","25.20","25.41","22.92","448.06M","-6.63%"
"08/18/2002","25.05","24.67","26.10","24.58","423.07M","1.83%"
"08/11/2002","24.60","22.95","24.90","22.38","470.16M","5.90%"
"08/04/2002","23.23","22.02","23.62","21.21","531.81M","4.83%"
"07/28/2002","22.16","23.18","24.59","21.73","479.99M","-1.86%"
"07/21/2002","22.58","23.76","24.40","21.55","737.46M","-5.48%"
"07/14/2002","23.89","24.59","26.33","23.65","685.93M","-3.28%"
"07/07/2002","24.70","26.09","26.44","23.43","604.16M","-5.83%"
"06/30/2002","26.23","25.87","26.28","22.64","334.29M","0.92%"
"06/23/2002","25.99","25.35","26.69","24.29","635.08M","1.09%"
"06/16/2002","25.71","27.89","29.03","25.54","483.58M","-6.54%"
"06/09/2002","27.51","28.24","28.63","26.09","530.54M","-2.38%"
"06/02/2002","28.18","29.88","30.12","27.41","470.66M","-5.82%"
"05/26/2002","29.92","31.34","31.40","29.78","314.35M","-3.83%"
"05/19/2002","31.11","32.47","32.56","30.28","422.26M","-5.12%"
"05/12/2002","32.79","29.75","33.49","29.55","579.25M","11.38%"
"05/05/2002","29.44","29.51","31.76","28.30","547.65M","-0.61%"
"04/28/2002","29.62","31.11","32.06","29.37","468.76M","-4.17%"
"04/21/2002","30.91","33.87","33.88","30.88","410.12M","-9.94%"
"04/14/2002","34.32","33.66","35.35","33.06","364.37M","2.82%"
"04/07/2002","33.38","33.34","34.84","32.75","410.77M","-2.48%"
"03/31/2002","34.23","35.65","36.75","34.04","393.32M","-4.68%"
"03/24/2002","35.91","36.54","36.75","35.25","304.03M","-1.70%"
"03/17/2002","36.53","37.48","37.78","35.75","351.02M","-1.48%"
"03/10/2002","37.08","38.19","39.03","35.85","359.90M","-3.71%"
"03/03/2002","38.51","35.55","38.87","35.25","454.00M","8.20%"
"02/24/2002","35.59","33.87","35.60","33.61","460.63M","6.21%"
"02/17/2002","33.51","35.23","35.31","32.95","388.12M","-5.95%"
"02/10/2002","35.63","35.99","39.01","35.49","327.44M","-1.08%"
"02/03/2002","36.02","37.80","37.91","34.83","446.51M","-5.16%"
"01/27/2002","37.98","38.99","39.25","36.70","363.38M","-1.78%"
"01/20/2002","38.67","38.84","39.35","37.18","292.83M","0.62%"
"01/13/2002","38.43","40.32","40.58","38.06","386.44M","-5.53%"
"01/06/2002","40.68","41.94","42.42","39.94","363.63M","-1.98%"
"12/30/2001","41.50","40.14","42.12","38.75","280.53M","3.34%"
"12/23/2001","40.16","39.38","40.63","38.99","123.86M","2.14%"
"12/16/2001","39.32","39.85","41.33","38.52","332.15M","-1.55%"
"12/09/2001","39.94","41.15","42.09","39.41","360.83M","-3.90%"
"12/02/2001","41.56","39.13","43.06","38.28","414.97M","5.24%"
"11/25/2001","39.49","39.42","40.80","38.53","426.97M","0.95%"
"11/18/2001","39.12","39.63","40.32","37.82","242.33M","-0.23%"
"11/11/2001","39.21","36.85","40.07","36.15","449.97M","4.37%"
"11/04/2001","37.57","36.11","39.24","36.01","443.62M","5.98%"
"10/28/2001","35.45","35.85","36.01","32.70","452.05M","-1.14%"
"10/21/2001","35.86","33.30","36.91","33.08","480.15M","7.33%"
"10/14/2001","33.41","33.98","35.85","31.87","469.08M","-2.91%"
"10/07/2001","34.41","31.00","35.10","30.62","428.27M","8.79%"
"09/30/2001","31.63","28.73","33.06","27.73","487.83M","9.60%"
"09/23/2001","28.86","28.96","30.30","27.31","383.61M","2.81%"
"09/16/2001","28.07","31.12","32.66","27.09","482.45M","-17.34%"
"09/09/2001","33.96","33.35","34.18","33.20","80.37M","1.19%"
"09/02/2001","33.56","36.37","37.34","33.21","352.17M","-8.00%"
"08/26/2001","36.48","39.12","39.74","35.60","295.30M","-6.80%"
"08/19/2001","39.14","37.69","39.23","36.39","284.76M","4.10%"
"08/12/2001","37.60","40.42","41.53","37.55","283.38M","-6.26%"
"08/05/2001","40.11","42.36","42.67","39.07","280.94M","-6.72%"
"07/29/2001","43.00","41.96","43.82","41.23","253.75M","2.92%"
"07/22/2001","41.78","42.07","42.22","39.15","311.33M","0.72%"
"07/15/2001","41.48","43.19","43.68","40.97","303.60M","-3.47%"
"07/08/2001","42.97","41.72","44.25","39.71","314.86M","3.59%"
"07/01/2001","41.48","45.46","46.29","41.32","173.49M","-8.86%"
"06/24/2001","45.51","43.43","46.33","42.31","297.36M","5.67%"
"06/17/2001","43.07","42.46","44.05","41.09","339.60M","1.53%"
"06/10/2001","42.42","46.71","47.56","41.11","371.50M","-10.03%"
"06/03/2001","47.15","46.15","49.29","45.10","292.81M","2.81%"
"05/27/2001","45.86","48.30","48.30","43.90","277.90M","-6.01%"
"05/20/2001","48.79","47.97","51.74","47.45","326.27M","1.99%"
"05/13/2001","47.84","45.11","48.59","43.88","307.08M","5.47%"
"05/06/2001","45.36","47.80","48.40","44.90","273.41M","-5.50%"
"04/29/2001","48.00","46.06","49.20","44.92","345.72M","6.76%"
"04/22/2001","44.96","46.80","47.52","42.92","364.20M","-6.72%"
"04/15/2001","48.20","41.77","49.24","39.74","480.19M","13.09%"
"04/08/2001","42.62","36.64","42.62","35.70","318.27M","17.90%"
"04/01/2001","36.15","39.01","39.69","33.46","408.36M","-7.28%"
"03/25/2001","38.99","43.29","43.54","37.84","348.90M","-8.52%"
"03/18/2001","42.62","41.27","43.65","39.33","479.94M","4.13%"
"03/11/2001","40.93","43.82","45.13","40.39","409.81M","-8.86%"
"03/04/2001","44.91","47.30","50.45","44.76","288.89M","-3.44%"
"02/25/2001","46.51","51.87","52.38","45.46","445.06M","-8.75%"
"02/18/2001","50.97","55.51","55.61","48.03","324.90M","-7.16%"
"02/11/2001","54.90","56.02","60.24","53.90","307.09M","-2.26%"
"02/04/2001","56.17","60.94","62.86","55.77","244.08M","-8.37%"
"01/28/2001","61.30","64.48","67.72","59.75","226.31M","-6.10%"
"01/21/2001","65.28","65.60","68.84","62.74","242.43M","-1.15%"
"01/14/2001","66.04","62.30","68.03","60.31","204.74M","5.71%"
"01/07/2001","62.47","56.08","64.36","53.29","309.43M","10.78%"
"12/31/2000","56.39","58.32","64.98","51.94","308.02M","-2.99%"
"12/24/2000","58.13","60.34","62.23","57.76","151.23M","-3.52%"
"12/17/2000","60.25","64.89","65.70","54.03","348.02M","-5.28%"
"12/10/2000","63.61","71.76","74.47","62.30","235.14M","-6.07%"
"12/03/2000","67.72","63.86","73.69","61.49","296.33M","6.24%"
"11/26/2000","63.74","72.26","72.64","60.25","282.42M","-9.14%"
"11/19/2000","70.15","70.64","71.76","66.23","165.60M","-3.28%"
"11/12/2000","72.53","70.66","77.74","67.98","241.43M","1.51%"
"11/05/2000","71.45","83.28","83.78","71.45","202.36M","-13.62%"
"10/29/2000","82.72","77.86","83.59","75.39","180.98M","4.19%"
"10/22/2000","79.39","85.83","87.14","73.32","230.15M","-7.64%"
"10/15/2000","85.96","80.79","87.51","74.25","227.70M","6.24%"
"10/08/2000","80.91","82.22","83.47","74.01","208.22M","-2.12%"
"10/01/2000","82.66","89.88","89.88","80.92","158.16M","-6.47%"
"09/24/2000","88.38","93.24","93.86","87.64","131.30M","-4.51%"
"09/17/2000","92.55","91.43","94.84","86.64","148.66M","1.78%"
"09/10/2000","90.93","94.11","95.73","89.63","139.22M","-4.01%"
"09/03/2000","94.73","101.20","101.33","94.37","77.46M","-7.31%"
"08/27/2000","102.20","97.84","103.09","97.36","63.68M","4.68%"
"08/20/2000","97.63","95.60","99.54","93.44","75.17M","2.92%"
"08/13/2000","94.86","91.00","96.23","89.83","71.07M","4.60%"
"08/06/2000","90.69","90.50","94.61","87.51","84.97M","1.05%"
"07/30/2000","89.75","87.26","92.38","82.97","125.10M","3.73%"
"07/23/2000","86.52","97.53","98.59","85.64","120.59M","-10.43%"
"07/16/2000","96.60","100.52","101.64","95.26","89.59M","-3.60%"
"07/09/2000","100.21","94.30","100.71","92.43","82.07M","4.89%"
"07/02/2000","95.54","93.11","96.60","89.69","61.90M","2.68%"
"06/25/2000","93.05","92.68","95.11","90.25","92.72M","2.12%"
"06/18/2000","91.12","93.63","99.31","91.00","108.33M","-2.92%"
"06/11/2000","93.86","93.92","94.92","88.99","101.96M","0.54%"
"06/04/2000","93.36","91.87","94.92","89.19","105.84M","0.13%"
"05/28/2000","93.24","79.67","93.72","79.67","121.80M","20.42%"
"05/21/2000","77.43","81.29","82.28","71.95","173.11M","-4.82%"
"05/14/2000","81.35","84.46","91.12","80.98","109.36M","-3.48%"
"05/07/2000","84.28","90.13","90.37","79.17","111.10M","-7.45%"
"04/30/2000","91.06","95.35","96.47","85.16","108.43M","-3.50%"
"04/23/2000","94.36","83.09","94.36","79.54","147.46M","8.60%"
"04/16/2000","86.89","77.69","93.24","77.68","141.00M","8.56%"
"04/09/2000","80.04","107.18","107.24","77.68","203.50M","-24.62%"
"04/02/2000","106.18","107.32","108.67","87.95","185.92M","-2.63%"
"03/26/2000","109.05","117.51","119.01","103.07","130.96M","-6.86%"
"03/19/2000","117.08","110.54","120.00","103.13","120.26M","6.10%"
"03/12/2000","110.35","109.55","113.65","100.58","214.56M","-3.23%"
"03/05/2000","114.03","111.29","115.96","105.84","166.10M","3.10%"
"02/27/2000","110.60","102.82","110.67","100.08","151.42M","6.73%"
"02/20/2000","103.63","98.59","107.06","95.85","150.88M","5.71%"
"02/13/2000","98.03","99.58","102.82","95.48","134.05M","-1.44%"
"02/06/2000","99.46","96.85","102.45","95.85","118.27M","2.80%"
"01/30/2000","96.75","85.52","97.84","83.15","145.82M","12.97%"
"01/23/2000","85.64","97.03","97.22","84.40","150.77M","-10.65%"
"01/16/2000","95.85","91.68","96.47","91.06","80.41M","3.08%"
"01/09/2000","92.99","90.62","93.55","85.64","138.34M","3.75%"
"01/02/2000","89.63","95.79","95.79","79.42","177.99M","-1.51%"
"12/26/1999","91.00","89.94","93.36","87.54","87.49M","1.28%"
"12/19/1999","89.85","84.06","90.37","83.34","81.25M","7.70%"
"12/12/1999","83.43","79.30","84.52","77.62","126.88M","4.84%"
"12/05/1999","79.58","79.10","80.17","76.93","107.85M","0.99%"
"11/28/1999","78.80","77.21","79.86","73.20","106.07M","1.85%"
"11/21/1999","77.37","75.62","78.46","73.94","69.55M","2.52%"
"11/14/1999","75.47","71.95","75.59","71.39","87.40M","4.98%"
"11/07/1999","71.89","68.15","71.95","67.94","89.23M","5.86%"
"10/31/1999","67.91","65.48","68.93","64.93","76.45M","3.71%"
"10/24/1999","65.48","61.43","65.98","60.20","75.73M","6.11%"
"10/17/1999","61.71","59.69","62.99","57.18","112.90M","3.49%"
"10/10/1999","59.63","63.67","64.68","59.26","111.60M","-6.08%"
"10/03/1999","63.49","60.28","63.67","59.94","95.60M","5.89%"
"09/26/1999","59.96","60.69","61.12","58.51","86.00M","0.22%"
"09/19/1999","59.83","63.24","63.49","58.38","74.23M","-5.11%"
"09/12/1999","63.05","62.80","63.23","59.95","63.24M","0.30%"
"09/05/1999","62.86","62.27","63.48","60.78","46.24M","0.74%"
"08/29/1999","62.40","59.88","62.42","57.88","64.26M","4.65%"
"08/22/1999","59.63","58.26","61.49","58.13","54.28M","3.29%"
"08/15/1999","57.73","57.39","58.60","56.46","46.99M","0.54%"
"08/08/1999","57.42","55.30","57.48","52.72","64.91M","4.21%"
"08/01/1999","55.10","56.45","57.57","53.53","66.96M","-2.24%"
"07/25/1999","56.36","56.27","58.20","55.55","58.60M","-1.19%"
"07/18/1999","57.04","61.37","61.37","56.45","59.91M","-6.68%"
"07/11/1999","61.12","59.81","61.46","58.54","32.41M","2.55%"
"07/04/1999","59.60","58.82","59.66","57.70","34.73M","1.86%"
"06/27/1999","58.51","54.93","59.69","54.48","46.26M","7.44%"
"06/20/1999","54.46","55.21","56.86","53.96","54.66M","-0.67%"
"06/13/1999","54.83","51.75","54.99","50.48","60.02M","6.32%"
"06/06/1999","51.57","52.71","53.81","51.10","53.97M","-1.49%"
"05/30/1999","52.35","51.72","52.52","49.37","43.09M","1.02%"
"05/23/1999","51.82","52.75","52.84","48.74","90.42M","-1.60%"
"05/16/1999","52.66","52.72","54.76","52.20","43.63M","-1.00%"
"05/09/1999","53.19","53.09","55.77","52.47","53.98M","0.83%"
"05/02/1999","52.75","53.34","54.15","50.82","70.78M","-1.40%"
"04/25/1999","53.50","55.46","57.04","51.60","64.02M","-2.87%"
"04/18/1999","55.08","52.10","55.49","48.64","68.51M","6.43%"
"04/11/1999","51.75","54.27","55.68","50.91","77.07M","-6.89%"
"04/04/1999","55.58","54.20","56.02","53.59","38.04M","4.20%"
"03/28/1999","53.34","52.16","53.96","51.85","27.03M","3.49%"
"03/21/1999","51.54","51.22","52.25","48.30","40.82M","1.04%"
"03/14/1999","51.01","50.23","53.03","49.70","27.25M","2.31%"