"05/05/2024","64.82","64.27","64.85","64.03","","1.15%"
"04/28/2024","64.08","63.90","64.24","63.38","2.15M","0.28%"
"04/21/2024","63.90","63.80","64.55","63.59","1.81M","0.28%"
"04/14/2024","63.72","63.57","63.72","62.53","11.42M","1.05%"
"04/07/2024","63.06","64.61","64.92","62.91","11.93M","-2.55%"
"03/31/2024","64.71","65.85","65.86","64.35","10.55M","-1.76%"
"03/24/2024","65.87","65.10","65.99","64.70","7.56M","1.37%"
"03/17/2024","64.98","64.54","65.38","64.44","9.86M","0.70%"
"03/10/2024","64.53","64.59","65.19","64.19","16.69M","-0.11%"
"03/03/2024","64.60","63.75","64.80","63.75","10.90M","0.94%"
"02/25/2024","64.00","64.41","64.43","63.61","10.00M","-0.70%"
"02/18/2024","64.45","63.19","64.63","63.19","7.96M","1.74%"
"02/11/2024","63.35","62.93","63.63","62.37","13.15M","0.62%"
"02/04/2024","62.96","63.19","63.36","62.75","9.59M","-0.79%"
"01/28/2024","63.46","63.00","63.89","62.71","17.43M","0.73%"
"01/21/2024","63.00","62.88","63.17","62.41","10.18M","-0.05%"
"01/14/2024","63.03","63.01","63.19","62.40","6.71M","-0.19%"
"01/07/2024","63.15","62.92","63.29","62.53","8.61M","0.38%"
"12/31/2023","62.91","62.42","63.40","62.42","7.27M","0.40%"
"12/24/2023","62.66","62.00","62.69","61.92","5.63M","1.05%"
"12/17/2023","62.01","61.92","62.24","61.25","8.08M","0.32%"
"12/10/2023","61.81","61.65","63.50","61.61","12.75M","0.50%"
"12/03/2023","61.50","61.55","62.05","61.32","6.70M","-0.53%"
"11/26/2023","61.83","61.16","61.83","60.64","9.63M","0.95%"
"11/19/2023","61.25","60.29","61.25","60.15","7.05M","1.16%"
"11/12/2023","60.55","59.69","60.83","59.65","10.48M","1.29%"
"11/05/2023","59.78","59.94","60.04","59.30","7.70M","-0.23%"
"10/29/2023","59.92","57.73","60.22","57.52","14.41M","4.24%"
"10/22/2023","57.48","57.84","58.81","57.35","13.73M","-1.15%"
"10/15/2023","58.15","58.97","59.57","58.13","11.03M","-0.97%"
"10/08/2023","58.72","58.16","59.31","58.06","12.29M","0.77%"
"10/01/2023","58.27","58.65","58.65","57.17","14.40M","-0.88%"
"09/24/2023","58.79","60.13","60.26","58.62","12.28M","-2.60%"
"09/17/2023","60.36","61.21","61.71","60.31","7.92M","-1.47%"
"09/10/2023","61.26","60.79","61.78","60.76","6.60M","0.71%"
"09/03/2023","60.83","61.00","61.03","60.10","4.48M","-0.46%"
"08/27/2023","61.11","61.35","61.94","60.90","7.78M","-0.18%"
"08/20/2023","61.22","61.09","61.59","60.63","9.10M","-0.07%"
"08/13/2023","61.26","62.48","62.60","60.95","10.13M","-2.03%"
"08/06/2023","62.53","62.17","62.82","61.97","7.94M","0.74%"
"07/30/2023","62.07","63.53","63.53","62.03","9.04M","-2.14%"
"07/23/2023","63.43","64.07","64.26","63.19","8.34M","-1.05%"
"07/16/2023","64.10","62.74","64.28","62.23","10.03M","1.92%"
"07/09/2023","62.89","62.18","62.98","62.10","11.55M","1.14%"
"07/02/2023","62.18","62.60","63.07","62.15","9.13M","-1.00%"
"06/25/2023","62.81","61.89","62.92","61.55","8.68M","1.39%"
"06/18/2023","61.95","62.53","62.70","61.78","8.44M","-1.34%"
"06/11/2023","62.79","61.87","63.09","61.57","12.98M","1.50%"
"06/04/2023","61.86","61.55","62.03","60.83","15.24M","0.63%"
"05/28/2023","61.47","60.36","61.53","60.01","14.50M","1.57%"
"05/21/2023","60.52","62.28","62.54","60.27","14.60M","-3.03%"
"05/14/2023","62.41","63.47","63.60","61.88","10.40M","-1.64%"
"05/07/2023","63.45","63.67","63.80","63.01","6.51M","-0.41%"
"04/30/2023","63.71","63.95","64.52","62.78","10.98M","-0.36%"
"04/23/2023","63.94","63.63","64.21","62.94","14.33M","0.28%"
"04/16/2023","63.76","63.22","64.01","63.15","11.12M","0.90%"
"04/09/2023","63.19","63.29","63.84","62.93","13.27M","-0.41%"
"04/02/2023","63.45","62.31","63.67","62.19","14.05M","1.68%"
"03/26/2023","62.40","60.95","62.42","60.87","16.98M","2.89%"
"03/19/2023","60.65","60.40","61.37","59.24","22.72M","0.60%"
"03/12/2023","60.29","59.50","61.16","59.44","23.60M","0.74%"
"03/05/2023","59.85","61.94","62.26","59.69","17.71M","-3.42%"
"02/26/2023","61.97","62.53","62.79","60.78","12.81M","-0.47%"
"02/19/2023","62.26","63.10","63.25","61.88","7.14M","-1.91%"
"02/12/2023","63.47","63.10","63.62","62.28","9.45M","0.55%"
"02/05/2023","63.12","63.02","63.60","62.27","9.80M","-0.06%"
"01/29/2023","63.16","63.11","64.24","62.69","18.50M","-0.16%"
"01/22/2023","63.26","62.91","63.49","62.44","9.14M","0.33%"
"01/15/2023","63.05","64.71","64.96","62.15","8.58M","-2.44%"
"01/08/2023","64.63","64.89","65.29","64.17","7.46M","-0.43%"
"01/01/2023","64.91","64.00","65.07","63.27","8.32M","1.58%"
"12/25/2022","63.90","64.37","64.89","63.39","6.86M","-0.61%"
"12/18/2022","64.29","63.45","64.29","62.97","9.96M","1.07%"
"12/11/2022","63.61","64.69","66.32","63.17","11.35M","-1.33%"
"12/04/2022","64.47","64.86","65.05","64.18","6.57M","-1.36%"
"11/27/2022","65.36","64.25","65.80","63.52","7.43M","1.22%"
"11/20/2022","64.57","62.96","64.58","62.96","5.77M","2.28%"
"11/13/2022","63.13","62.28","63.22","61.62","11.70M","1.33%"
"11/06/2022","62.30","61.48","63.10","60.94","9.75M","1.50%"
"10/30/2022","61.38","61.75","62.49","60.20","11.79M","-0.97%"
"10/23/2022","61.98","59.10","62.07","58.88","9.21M","5.37%"
"10/16/2022","58.82","58.01","59.56","57.62","9.78M","2.44%"
"10/09/2022","57.42","57.36","59.00","55.99","14.38M","0.40%"
"10/02/2022","57.19","58.45","60.45","56.88","18.38M","-1.11%"
"09/25/2022","57.83","60.48","60.51","57.76","21.68M","-4.67%"
"09/18/2022","60.66","62.24","62.87","59.98","19.84M","-3.10%"
"09/11/2022","62.60","65.03","65.49","62.24","17.15M","-3.44%"
"09/04/2022","64.83","63.19","65.07","62.83","10.30M","2.81%"
"08/28/2022","63.06","64.16","64.69","62.85","19.52M","-2.04%"
"08/21/2022","64.37","66.27","66.33","64.34","14.89M","-3.55%"
"08/14/2022","66.74","66.11","67.24","65.98","10.89M","0.72%"
"08/07/2022","66.26","64.44","66.28","64.20","12.39M","3.31%"
"07/31/2022","64.14","64.22","64.63","63.59","16.79M","-0.57%"
"07/24/2022","64.51","62.03","64.61","61.94","19.46M","4.08%"
"07/17/2022","61.98","61.84","62.17","60.79","17.53M","0.28%"
"07/10/2022","61.81","61.95","62.61","60.57","12.32M","-0.52%"
"07/03/2022","62.13","62.53","62.79","60.99","10.88M","-1.35%"
"06/26/2022","62.98","62.17","63.07","61.26","14.56M","1.30%"
"06/19/2022","62.17","58.97","62.23","58.84","12.65M","6.20%"
"06/12/2022","58.54","61.16","61.37","58.16","26.54M","-5.64%"
"06/05/2022","62.04","64.59","64.93","61.61","13.67M","-3.47%"
"05/29/2022","64.27","64.92","65.27","63.44","11.81M","-1.77%"
"05/22/2022","65.43","63.23","65.44","62.86","22.02M","4.34%"
"05/15/2022","62.71","64.64","65.23","61.79","26.82M","-3.14%"
"05/08/2022","64.74","64.60","65.25","63.28","60.19M","-0.55%"
"05/01/2022","65.10","65.55","66.33","63.75","74.24M","-0.38%"
"04/24/2022","65.35","67.68","67.90","65.26","45.99M","-3.39%"
"04/17/2022","67.64","68.08","69.82","67.52","28.29M","-0.91%"
"04/10/2022","68.26","68.89","69.16","67.98","27.33M","-0.90%"
"04/03/2022","68.88","67.60","69.16","66.91","35.56M","1.56%"
"03/27/2022","67.82","66.34","67.82","65.97","23.51M","2.26%"
"03/20/2022","66.32","65.03","66.33","64.91","20.51M","1.87%"
"03/13/2022","65.10","63.65","65.24","63.35","26.53M","2.84%"
"03/06/2022","63.30","65.24","65.52","63.12","29.73M","-3.21%"
"02/27/2022","65.40","63.38","65.45","62.85","35.72M","2.04%"
"02/20/2022","64.09","63.30","64.15","61.12","29.50M","1.20%"
"02/13/2022","63.33","63.86","64.13","62.86","26.40M","-0.75%"
"02/06/2022","63.81","64.96","65.68","63.62","28.93M","-1.59%"
"01/30/2022","64.84","64.52","65.86","64.41","31.66M","-0.05%"
"01/23/2022","64.87","64.71","65.07","63.12","69.42M","-0.37%"
"01/16/2022","65.11","66.20","66.42","65.06","33.91M","-2.19%"
"01/09/2022","66.57","67.39","67.42","66.18","32.86M","-1.39%"
"01/02/2022","67.51","68.57","68.57","67.28","36.58M","-1.63%"
"12/26/2021","68.63","67.18","68.86","67.10","15.90M","2.42%"
"12/19/2021","67.01","66.00","67.22","65.56","18.24M","0.68%"
"12/12/2021","66.56","65.74","67.54","65.64","24.77M","1.25%"
"12/05/2021","65.74","64.29","65.79","64.29","17.67M","2.93%"
"11/28/2021","63.87","64.10","64.61","62.45","43.20M","0.02%"
"11/21/2021","63.86","64.32","65.00","63.67","13.99M","-0.85%"
"11/14/2021","64.41","64.56","64.98","64.29","11.23M","0.00%"
"11/07/2021","64.41","64.21","64.54","63.65","10.49M","0.41%"
"10/31/2021","64.15","63.72","64.48","63.35","15.12M","0.86%"
"10/24/2021","63.60","63.93","64.04","63.30","18.67M","-0.61%"
"10/17/2021","63.99","62.42","64.08","62.15","13.08M","1.88%"
"10/10/2021","62.81","61.85","63.15","61.23","18.75M","1.50%"
"10/03/2021","61.88","61.02","62.69","60.63","22.71M","1.26%"
"09/26/2021","61.11","62.40","62.58","60.54","26.87M","-2.15%"
"09/19/2021","62.45","62.08","62.79","61.61","19.22M","-0.35%"
"09/12/2021","62.67","63.71","63.86","62.61","13.94M","-1.14%"
"09/05/2021","63.39","64.43","64.43","63.38","10.23M","-1.75%"
"08/29/2021","64.52","63.82","64.70","63.77","10.40M","1.13%"
"08/22/2021","63.80","64.53","64.55","63.41","9.76M","-1.05%"
"08/15/2021","64.48","63.98","64.68","63.53","11.25M","0.70%"
"08/08/2021","64.03","63.37","64.04","63.17","7.23M","1.15%"
"08/01/2021","63.30","63.27","63.56","62.88","9.03M","0.38%"
"07/25/2021","63.06","62.96","63.40","62.62","10.41M","0.05%"
"07/18/2021","63.03","62.39","63.07","61.54","16.36M","0.46%"
"07/11/2021","62.74","62.10","62.92","61.83","11.05M","0.84%"
"07/04/2021","62.22","61.55","62.25","61.04","8.48M","0.97%"
"06/27/2021","61.62","61.07","61.65","60.80","11.20M","1.03%"
"06/20/2021","60.99","60.16","61.07","60.12","13.79M","1.72%"
"06/13/2021","59.96","61.45","61.58","59.94","13.57M","-2.47%"
"06/06/2021","61.48","61.43","61.48","60.75","8.76M","0.07%"
"05/30/2021","61.44","61.25","61.49","60.59","8.95M","0.66%"
"05/23/2021","61.04","61.38","61.52","60.81","16.85M","-0.41%"
"05/16/2021","61.29","61.34","61.73","60.04","17.64M","-0.16%"
"05/09/2021","61.39","61.85","62.40","60.23","23.49M","-0.45%"
"05/02/2021","61.67","60.62","61.80","60.60","16.70M","2.04%"
"04/25/2021","60.44","60.53","60.54","59.96","12.63M","-0.13%"
"04/18/2021","60.52","60.24","60.73","60.01","13.78M","0.25%"
"04/11/2021","60.37","59.19","60.51","59.14","10.33M","1.99%"
"04/04/2021","59.19","58.53","59.22","58.53","12.69M","1.44%"
"03/28/2021","58.35","58.09","58.81","57.82","16.38M","0.12%"
"03/21/2021","58.28","56.40","58.31","56.33","22.73M","3.04%"
"03/14/2021","56.56","56.30","56.96","56.21","19.08M","0.52%"
"03/07/2021","56.27","55.18","56.38","55.08","27.18M","2.05%"
"02/28/2021","55.14","54.79","55.57","53.62","40.71M","1.34%"
"02/21/2021","54.41","55.76","55.85","54.41","25.24M","-2.91%"
"02/14/2021","56.04","56.76","56.79","56.01","10.89M","-1.29%"
"02/07/2021","56.77","56.52","56.97","56.31","10.98M","0.69%"
"01/31/2021","56.38","55.38","56.47","55.17","13.69M","2.27%"
"01/24/2021","55.13","56.28","57.05","54.94","22.96M","-2.15%"
"01/17/2021","56.34","56.26","56.65","56.09","8.48M","0.34%"
"01/10/2021","56.15","56.45","56.71","55.70","12.88M","-0.88%"
"01/03/2021","56.65","56.30","56.68","55.08","22.14M","0.75%"
"12/27/2020","56.23","55.94","56.29","55.57","7.45M","0.92%"
"12/20/2020","55.72","55.61","55.73","54.83","8.49M","-0.77%"
"12/13/2020","56.15","55.65","56.34","55.21","15.58M","1.32%"
"12/06/2020","55.42","55.38","55.79","55.06","11.45M","-0.13%"
"11/29/2020","55.49","55.00","55.71","54.70","15.15M","0.78%"
"11/22/2020","55.06","54.86","55.10","54.47","8.47M","0.51%"
"11/15/2020","54.78","55.87","55.94","54.53","11.32M","-1.56%"
"11/08/2020","55.65","56.23","56.31","54.14","18.55M","1.55%"
"11/01/2020","54.80","52.53","55.10","52.35","24.40M","5.32%"
"10/25/2020","52.03","54.34","54.47","51.51","20.76M","-5.04%"
"10/18/2020","54.79","55.37","55.49","54.25","10.17M","-1.01%"
"10/11/2020","55.35","55.50","56.01","54.75","9.48M","0.16%"
"10/04/2020","55.26","53.71","55.38","53.67","13.93M","3.23%"
"09/27/2020","53.53","53.30","54.02","53.15","13.55M","1.25%"
"09/20/2020","52.87","52.67","53.12","51.80","16.38M","-0.69%"
"09/13/2020","53.24","53.55","54.26","52.86","13.14M","-0.04%"
"09/06/2020","53.26","53.33","54.13","52.59","15.43M","-0.78%"
"08/30/2020","53.68","54.46","55.72","53.10","22.67M","-1.50%"
"08/23/2020","54.50","54.17","54.67","53.94","12.99M","0.72%"
"08/16/2020","54.11","54.22","54.54","53.81","9.56M","-0.13%"
"08/09/2020","54.18","53.99","54.38","53.50","10.22M","0.44%"
"08/02/2020","53.94","53.36","53.98","53.20","13.33M","1.26%"
"07/26/2020","53.27","52.41","53.35","52.35","9.22M","1.66%"
"07/19/2020","52.40","52.30","53.23","52.13","14.78M","-0.15%"
"07/12/2020","52.48","50.90","52.57","50.41","13.59M","3.55%"
"07/05/2020","50.68","50.75","50.83","49.72","10.20M","0.88%"
"06/28/2020","50.24","48.79","50.54","48.54","9.52M","3.57%"
"06/21/2020","48.51","49.41","49.95","48.18","16.31M","-2.24%"
"06/14/2020","49.62","47.96","50.42","47.81","19.38M","1.83%"
"06/07/2020","48.73","50.99","51.65","48.00","24.50M","-4.64%"
"05/31/2020","51.10","49.89","51.42","49.79","15.54M","2.24%"
"05/24/2020","49.98","48.41","50.08","48.05","17.50M","4.71%"
"05/17/2020","47.73","48.22","48.60","47.43","27.95M","0.55%"
"05/10/2020","47.47","49.05","49.48","45.83","22.62M","-3.98%"
"05/03/2020","49.44","48.40","49.62","48.02","17.48M","1.54%"
"04/26/2020","48.69","49.56","51.45","48.50","19.85M","-1.16%"
"04/19/2020","49.26","50.75","50.79","48.43","27.95M","-4.48%"
"04/12/2020","51.57","51.20","51.74","49.43","19.07M","-0.08%"
"04/05/2020","51.61","46.21","52.17","46.21","26.04M","15.64%"
"03/29/2020","44.63","47.30","48.50","44.04","37.04M","-4.92%"
"03/22/2020","46.94","41.04","48.45","38.58","70.67M","13.08%"
"03/15/2020","41.51","45.57","48.39","41.30","43.21M","-18.11%"
"03/08/2020","50.69","53.03","54.95","43.76","49.09M","-10.65%"
"03/01/2020","56.73","54.37","58.74","54.25","51.41M","4.75%"
"02/23/2020","54.16","60.64","61.03","52.96","62.51M","-11.99%"
"02/16/2020","61.54","62.04","62.09","61.12","11.09M","-0.79%"
"02/09/2020","62.03","60.72","62.04","60.72","12.03M","2.26%"
"02/02/2020","60.66","60.19","60.94","60.16","25.08M","1.15%"
"01/26/2020","59.97","59.80","60.61","59.75","20.06M","-0.38%"
"01/19/2020","60.20","59.65","60.40","59.60","13.27M","0.74%"
"01/12/2020","59.76","58.31","59.81","58.29","12.86M","2.56%"
"01/05/2020","58.27","57.85","58.41","57.65","14.37M","0.43%"
"12/29/2019","58.02","58.11","58.50","57.62","12.15M","-0.28%"
"12/22/2019","58.18","58.23","58.37","57.71","7.58M","-0.09%"
"12/15/2019","58.23","57.49","58.43","57.31","12.78M","1.55%"
"12/08/2019","57.34","57.56","57.62","56.93","17.31M","-0.36%"
"12/01/2019","57.55","57.35","57.74","56.75","24.87M","0.16%"
"11/24/2019","57.46","57.14","57.76","56.96","12.37M","0.70%"
"11/17/2019","57.06","57.38","57.63","56.81","16.14M","-0.63%"
"11/10/2019","57.42","56.68","57.43","56.56","14.70M","1.07%"
"11/03/2019","56.81","57.64","57.66","56.62","27.19M","-1.23%"
"10/27/2019","57.52","57.28","57.79","56.86","18.92M","0.42%"
"10/20/2019","57.28","57.56","57.75","57.21","14.97M","-0.40%"
"10/13/2019","57.51","57.35","57.61","56.92","15.82M","0.35%"
"10/06/2019","57.31","57.64","57.78","56.81","21.40M","-0.83%"
"09/29/2019","57.79","57.81","58.05","56.38","24.67M","0.07%"
"09/22/2019","57.75","57.36","58.14","57.33","19.72M","0.40%"
"09/15/2019","57.52","56.87","57.78","56.76","15.08M","1.00%"
"09/08/2019","56.95","57.53","57.53","56.31","23.33M","-0.92%"
"09/01/2019","57.48","56.57","57.69","56.56","14.69M","1.30%"
"08/25/2019","56.74","55.78","56.95","55.58","19.05M","2.23%"
"08/18/2019","55.50","56.31","56.61","55.26","21.98M","-1.07%"
"08/11/2019","56.10","55.95","56.23","55.00","23.96M","0.00%"
"08/04/2019","56.10","55.29","56.26","53.96","25.43M","0.97%"
"07/28/2019","55.56","56.03","56.26","55.16","27.10M","-0.73%"
"07/21/2019","55.97","55.63","56.03","55.29","15.03M","0.59%"
"07/14/2019","55.64","56.39","56.51","55.63","15.85M","-1.22%"
"07/07/2019","56.33","56.17","56.58","56.00","12.68M","0.25%"
"06/30/2019","56.19","55.34","56.40","54.93","12.40M","2.13%"
"06/23/2019","55.02","55.85","55.93","54.50","14.86M","-1.49%"
"06/16/2019","55.85","55.62","56.16","55.26","17.34M","0.47%"
"06/09/2019","55.59","55.37","55.71","54.77","15.86M","0.63%"
"06/02/2019","55.24","53.25","55.68","53.12","18.14M","3.93%"
"05/26/2019","53.15","54.09","54.14","52.80","12.96M","-1.54%"
"05/19/2019","53.98","53.55","54.14","53.34","11.92M","0.39%"
"05/12/2019","53.77","52.87","53.95","52.81","13.90M","0.69%"
"05/05/2019","53.40","53.19","53.57","52.30","12.42M","-0.37%"
"04/28/2019","53.60","53.28","53.82","53.05","12.61M","0.54%"
"04/21/2019","53.31","52.41","53.36","52.16","9.58M","1.31%"
"04/14/2019","52.62","53.26","53.29","52.42","9.57M","-1.07%"
"04/07/2019","53.19","52.89","53.20","52.56","12.30M","0.47%"
"03/31/2019","52.94","52.81","52.94","52.44","15.87M","0.57%"
"03/24/2019","52.64","52.06","52.69","51.96","13.52M","1.04%"
"03/17/2019","52.10","52.26","52.42","51.56","12.24M","-0.40%"
"03/10/2019","52.31","51.33","52.48","51.28","11.64M","2.15%"
"03/03/2019","51.21","51.81","51.87","50.90","15.20M","-0.97%"
"02/24/2019","51.71","51.68","51.78","51.12","11.74M","0.43%"
"02/17/2019","51.49","50.89","51.54","50.81","8.91M","0.88%"
"02/10/2019","51.04","50.45","51.04","50.28","12.20M","1.29%"
"02/03/2019","50.39","49.69","50.39","49.34","13.71M","1.37%"
"01/27/2019","49.71","48.34","49.79","48.13","15.08M","2.49%"
"01/20/2019","48.50","48.22","48.69","47.85","9.82M","0.12%"
"01/13/2019","48.44","47.14","48.46","46.94","10.70M","2.26%"
"01/06/2019","47.37","46.36","47.41","46.22","13.71M","2.07%"
"12/30/2018","46.41","46.48","46.65","45.40","22.13M","0.32%"
"12/23/2018","46.26","46.00","46.80","44.16","31.95M","0.11%"
"12/16/2018","46.21","48.74","48.74","46.19","40.89M","-5.25%"
"12/09/2018","48.77","49.27","49.72","48.37","18.55M","-0.93%"
"12/02/2018","49.23","50.54","50.61","48.47","15.75M","-1.83%"
"11/25/2018","50.15","48.91","50.26","48.73","12.42M","3.02%"
"11/18/2018","48.68","49.62","49.84","48.47","11.72M","-2.15%"
"11/11/2018","49.75","49.65","49.88","48.63","17.74M","0.24%"
"11/04/2018","49.63","47.98","49.77","47.98","13.41M","3.59%"
"10/28/2018","47.91","47.60","48.43","47.15","39.35M","1.50%"
"10/21/2018","47.20","48.44","48.46","46.94","26.85M","-2.68%"
"10/14/2018","48.50","47.48","48.64","47.43","14.92M","2.11%"
"10/07/2018","47.50","49.32","49.74","47.12","28.17M","-3.63%"
"09/30/2018","49.29","49.60","49.76","48.99","8.65M","-0.46%"
"09/23/2018","49.52","50.14","50.15","49.03","6.66M","-1.53%"
"09/16/2018","50.29","50.15","50.39","49.83","6.00M","-0.02%"
"09/09/2018","50.30","50.08","50.42","50.03","13.53M","0.68%"
"09/02/2018","49.96","49.71","50.32","49.58","5.48M","0.36%"
"08/26/2018","49.78","49.69","49.92","49.51","6.15M","0.34%"
"08/19/2018","49.61","49.83","49.87","49.29","5.02M","-0.42%"
"08/12/2018","49.82","48.97","49.90","48.73","6.28M","1.76%"
"08/05/2018","48.96","49.20","49.35","48.88","4.64M","-0.51%"
"07/29/2018","49.21","48.60","49.21","48.34","7.90M","1.19%"
"07/22/2018","48.63","48.15","48.94","47.80","7.14M","0.83%"
"07/15/2018","48.23","48.39","48.58","48.14","3.94M","-0.39%"
"07/08/2018","48.42","48.20","48.45","47.76","4.39M","0.69%"
"07/01/2018","48.09","47.24","48.19","47.10","5.11M","1.43%"
"06/24/2018","47.41","47.23","47.73","47.08","7.21M","0.15%"
"06/17/2018","47.34","47.18","47.43","46.96","6.95M","-0.23%"
"06/10/2018","47.45","47.28","47.47","47.04","5.17M","0.47%"
"06/03/2018","47.23","47.04","47.24","46.78","4.64M","0.64%"
"05/27/2018","46.93","46.69","47.27","46.38","6.08M","0.11%"
"05/20/2018","46.88","46.50","47.02","46.42","5.78M","0.93%"
"05/13/2018","46.45","47.14","47.27","46.34","4.73M","-1.40%"
"05/06/2018","47.11","46.73","47.22","46.28","4.91M","0.99%"
"04/29/2018","46.65","47.02","47.11","45.70","6.95M","-0.49%"
"04/22/2018","46.88","46.97","47.05","46.06","6.71M","-0.21%"
"04/15/2018","46.98","47.03","47.73","46.84","5.06M","0.47%"
"04/08/2018","46.76","46.69","47.13","46.54","6.62M","0.52%"
"04/01/2018","46.52","46.89","47.43","45.79","12.82M","-0.96%"
"03/25/2018","46.97","46.07","47.18","45.89","11.61M","2.94%"
"03/18/2018","45.63","47.60","47.72","45.58","11.02M","-4.46%"
"03/11/2018","47.76","47.84","48.00","47.33","7.17M","-0.10%"
"03/04/2018","47.81","46.02","47.81","46.02","7.12M","3.42%"
"02/25/2018","46.23","47.51","47.89","45.80","12.08M","-2.37%"
"02/18/2018","47.35","47.16","47.35","46.47","7.17M","-0.06%"
"02/11/2018","47.38","45.86","47.62","45.57","14.89M","3.77%"
"02/04/2018","45.66","47.60","47.88","44.46","36.89M","-4.62%"
"01/28/2018","47.87","49.33","49.36","47.85","9.48M","-2.80%"
"01/21/2018","49.25","48.19","49.26","48.16","7.33M","2.11%"
"01/14/2018","48.23","48.09","48.31","47.71","5.97M","0.67%"
"01/07/2018","47.91","47.78","48.14","47.64","5.93M","0.13%"
"12/31/2017","47.85","47.77","47.89","47.33","5.13M","0.23%"
"12/24/2017","47.74","47.46","47.88","47.42","4.82M","0.59%"
"12/17/2017","47.46","48.26","48.33","47.40","6.81M","-1.43%"
"12/10/2017","48.15","48.08","48.26","47.79","6.13M","0.17%"
"12/03/2017","48.07","48.34","48.48","47.77","5.43M","-0.06%"
"11/26/2017","48.10","47.25","48.40","47.23","7.99M","1.86%"
"11/19/2017","47.22","46.98","47.36","46.96","3.01M","0.40%"
"11/12/2017","47.03","46.87","47.39","46.76","5.66M","0.17%"
"11/05/2017","46.95","46.75","47.08","46.68","4.29M","0.34%"
"10/29/2017","46.79","46.70","46.86","46.47","5.48M","0.11%"
"10/22/2017","46.74","46.84","46.87","46.38","5.51M","-0.38%"
"10/15/2017","46.92","46.57","46.92","46.43","3.67M","0.75%"
"10/08/2017","46.57","46.25","46.74","46.13","4.45M","0.84%"
"10/01/2017","46.18","45.84","46.28","45.78","6.00M","0.85%"
"09/24/2017","45.79","45.69","45.81","45.50","4.32M","0.09%"
"09/17/2017","45.75","45.89","45.98","45.69","5.15M","-0.37%"
"09/10/2017","45.92","45.68","46.00","45.63","5.95M","0.97%"
"09/03/2017","45.48","45.41","45.57","45.11","4.10M","-0.04%"
"08/27/2017","45.50","45.38","45.62","45.17","6.11M","0.33%"
"08/20/2017","45.35","45.10","45.58","44.98","5.68M","0.64%"
"08/13/2017","45.06","45.32","45.74","45.02","6.68M","-0.16%"
"08/06/2017","45.13","45.49","45.52","45.10","4.78M","-0.81%"
"07/30/2017","45.50","45.21","45.54","45.20","6.96M","0.73%"
"07/23/2017","45.17","45.20","45.23","44.99","8.46M","-0.11%"
"07/16/2017","45.22","44.84","45.22","44.77","5.09M","0.87%"
"07/09/2017","44.83","44.66","44.92","44.33","4.47M","0.29%"
"07/02/2017","44.70","44.84","45.01","44.40","5.38M","-0.07%"
"06/25/2017","44.73","45.20","45.30","44.40","7.03M","-0.86%"
"06/18/2017","45.12","45.60","45.69","45.05","6.47M","-0.88%"
"06/11/2017","45.52","45.11","45.55","45.00","6.25M","0.86%"
"06/04/2017","45.13","45.33","45.43","44.87","5.25M","-0.53%"
"05/28/2017","45.37","44.66","45.42","44.62","5.63M","1.45%"
"05/21/2017","44.72","43.93","44.77","43.88","7.12M","2.01%"
"05/14/2017","43.84","43.69","43.93","43.38","7.53M","0.23%"
"05/07/2017","43.74","44.13","44.14","43.62","7.57M","-0.91%"
"04/30/2017","44.14","43.93","44.14","43.57","7.30M","0.68%"
"04/23/2017","43.84","43.86","44.16","43.78","8.58M","0.53%"
"04/16/2017","43.61","43.29","43.72","43.29","8.08M","0.97%"
"04/09/2017","43.19","43.42","43.58","43.19","5.40M","-0.46%"
"04/02/2017","43.39","43.49","43.70","43.23","8.40M","-0.18%"
"03/26/2017","43.47","43.41","43.69","43.30","8.16M","-0.25%"
"03/19/2017","43.58","43.92","43.92","43.47","11.34M","-0.62%"
"03/12/2017","43.85","43.53","44.01","43.45","8.13M","0.67%"
"03/05/2017","43.56","43.56","43.67","43.23","8.62M","-0.30%"
"02/26/2017","43.69","43.61","43.99","43.48","12.26M","0.14%"
"02/19/2017","43.63","42.88","43.63","42.87","11.21M","1.73%"
"02/12/2017","42.89","42.35","42.89","42.26","9.22M","1.25%"
"02/05/2017","42.36","41.85","42.38","41.72","8.13M","1.10%"
"01/29/2017","41.90","41.64","41.96","41.36","11.66M","0.36%"
"01/22/2017","41.75","41.65","41.79","41.49","9.65M","0.02%"
"01/15/2017","41.74","41.46","41.82","41.46","7.53M","0.48%"
"01/08/2017","41.54","41.86","41.89","41.36","10.61M","-0.93%"
"01/01/2017","41.93","41.67","42.00","41.50","7.66M","0.84%"
"12/25/2016","41.58","41.80","41.88","41.47","7.39M","-0.50%"
"12/18/2016","41.79","41.67","41.94","41.60","6.41M","0.46%"
"12/11/2016","41.60","41.35","41.98","41.19","11.70M","0.39%"
"12/04/2016","41.44","40.57","41.47","40.45","9.18M","2.30%"
"11/27/2016","40.51","40.88","41.27","40.25","11.92M","-1.07%"
"11/20/2016","40.95","40.34","40.95","40.34","7.04M","1.69%"
"11/13/2016","40.27","40.10","40.42","39.98","12.63M","0.30%"
"11/06/2016","40.15","39.92","40.70","39.86","21.69M","1.36%"
"10/30/2016","39.61","40.27","40.56","39.61","15.01M","-1.52%"
"10/23/2016","40.22","40.34","40.53","39.99","13.40M","-0.07%"
"10/16/2016","40.25","40.48","40.78","40.10","8.84M","-0.59%"
"10/09/2016","40.49","40.62","40.82","40.15","11.33M","-0.07%"
"10/02/2016","40.52","41.38","41.45","40.38","19.34M","-2.34%"
"09/25/2016","41.49","41.89","41.99","41.28","13.41M","-1.12%"
"09/18/2016","41.96","41.15","42.21","41.14","14.02M","2.04%"
"09/11/2016","41.12","40.70","41.53","40.70","18.60M","0.73%"
"09/04/2016","40.82","42.13","42.37","40.82","14.24M","-3.27%"
"08/28/2016","42.20","41.87","42.27","41.72","16.31M","0.96%"
"08/21/2016","41.80","42.29","42.47","41.70","10.97M","-1.07%"
"08/14/2016","42.25","42.58","42.69","41.91","12.78M","-0.78%"
"08/07/2016","42.58","42.56","42.72","42.39","8.64M","0.19%"
"07/31/2016","42.50","42.85","42.95","42.40","10.99M","-0.72%"
"07/24/2016","42.81","43.13","43.13","42.34","10.46M","-0.74%"
"07/17/2016","43.13","43.09","43.15","42.77","8.51M","0.14%"
"07/10/2016","43.07","43.24","43.29","42.92","15.24M","-0.28%"
"07/03/2016","43.19","42.70","43.20","42.62","10.16M","1.12%"
"06/26/2016","42.71","40.84","42.90","40.63","22.10M","4.20%"
"06/19/2016","40.99","41.35","41.70","40.64","11.47M","-0.32%"
"06/12/2016","41.12","41.32","41.45","40.85","9.44M","-0.60%"
"06/05/2016","41.37","40.99","41.52","40.83","7.39M","0.93%"
"05/29/2016","40.99","40.60","41.04","40.35","7.17M","0.99%"
"05/22/2016","40.59","40.05","40.59","39.88","7.83M","1.35%"
"05/15/2016","40.05","40.55","40.89","39.73","11.65M","-1.23%"
"05/08/2016","40.55","40.46","41.02","40.41","10.86M","0.22%"
"05/01/2016","40.46","40.04","40.47","39.91","13.17M","1.30%"
"04/24/2016","39.94","39.78","40.28","39.69","13.03M","0.13%"
"04/17/2016","39.89","40.28","40.65","39.62","12.76M","-1.07%"
"04/10/2016","40.32","40.28","40.44","39.99","12.35M","0.35%"
"04/03/2016","40.18","40.76","40.76","39.89","11.35M","-1.23%"
"03/27/2016","40.68","39.82","40.69","39.76","11.15M","2.31%"
"03/20/2016","39.76","39.87","39.96","39.57","7.18M","-0.33%"
"03/13/2016","39.89","39.47","40.01","39.09","11.21M","1.09%"
"03/06/2016","39.46","38.89","39.46","38.68","14.10M","1.34%"
"02/28/2016","38.94","38.36","38.99","38.11","14.57M","1.59%"
"02/21/2016","38.33","38.19","38.80","37.80","14.74M","0.95%"
"02/14/2016","37.97","37.37","38.04","37.24","13.12M","2.18%"
"02/07/2016","37.16","36.99","37.44","36.49","21.55M","-0.13%"
"01/31/2016","37.21","37.62","38.06","37.11","16.80M","-1.61%"
"01/24/2016","37.82","36.78","37.82","36.45","25.96M","2.66%"
"01/17/2016","36.84","36.75","36.89","35.54","16.46M","1.01%"
"01/10/2016","36.47","37.12","37.38","36.17","19.59M","-1.27%"
"01/03/2016","36.94","38.08","38.30","36.90","13.94M","-4.23%"
"12/27/2015","38.57","38.69","39.24","38.56","18.49M","-0.52%"
"12/20/2015","38.77","37.93","38.92","37.81","6.52M","2.57%"
"12/13/2015","37.80","37.81","38.89","37.62","12.57M","0.13%"
"12/06/2015","37.75","38.84","38.87","37.68","9.64M","-2.93%"
"11/29/2015","38.89","38.94","39.05","37.99","7.56M","0.08%"
"11/22/2015","38.86","38.81","38.91","38.41","3.17M","0.28%"
"11/15/2015","38.75","37.36","38.93","37.36","8.22M","3.64%"
"11/08/2015","37.39","38.15","38.37","37.37","6.54M","-2.27%"
"11/01/2015","38.26","38.45","38.81","38.06","6.48M","-0.26%"
"10/25/2015","38.36","38.37","38.68","38.12","6.79M","-0.16%"
"10/18/2015","38.42","37.56","38.59","37.46","5.82M","2.32%"
"10/11/2015","37.55","37.44","37.58","36.92","6.11M","0.29%"
"10/04/2015","37.44","36.53","37.53","36.52","8.17M","3.20%"
"09/27/2015","36.28","35.91","36.28","35.36","10.18M","0.58%"
"09/20/2015","36.07","36.28","36.53","35.62","7.56M","0.00%"
"09/13/2015","36.07","36.08","37.07","35.88","7.65M","-0.03%"
"09/06/2015","36.08","35.96","36.53","35.59","8.81M","1.86%"
"08/30/2015","35.42","36.40","36.41","35.10","13.63M","-2.96%"
"08/23/2015","36.50","35.28","36.69","20.00","19.88M","-1.08%"
"08/16/2015","36.90","38.40","38.72","36.90","10.29M","-4.26%"
"08/09/2015","38.54","38.30","38.55","37.86","7.96M","1.05%"
"08/02/2015","38.14","38.05","38.42","37.94","6.44M","0.00%"
"07/26/2015","38.14","37.34","38.27","37.29","3.92M","1.79%"
"07/19/2015","37.47","37.86","38.02","37.47","5.47M","-1.16%"
"07/12/2015","37.91","37.68","38.07","37.67","3.68M","1.07%"
"07/05/2015","37.51","36.86","37.59","36.86","6.56M","1.02%"
"06/28/2015","37.13","36.97","37.31","36.56","4.93M","-0.43%"
"06/21/2015","37.29","37.58","37.73","37.09","4.82M","-0.27%"
"06/14/2015","37.39","36.88","37.74","36.71","5.18M","0.70%"
"06/07/2015","37.13","36.85","37.40","36.66","5.86M","0.68%"
"05/31/2015","36.88","37.44","37.55","36.84","6.65M","-1.26%"
"05/24/2015","37.35","37.70","37.71","37.32","4.19M","-0.93%"
"05/17/2015","37.70","37.63","37.95","37.61","3.99M","0.05%"
"05/10/2015","37.68","37.53","37.71","36.97","6.83M","0.27%"
"05/03/2015","37.58","37.48","37.71","36.74","9.68M","0.45%"
"04/26/2015","37.41","37.90","38.01","36.97","8.17M","-1.37%"
"04/19/2015","37.93","37.53","38.00","37.53","4.67M","1.09%"
"04/12/2015","37.52","38.04","38.16","37.39","4.76M","-1.60%"
"04/05/2015","38.13","37.99","38.38","37.81","4.96M","0.32%"
"03/29/2015","38.01","37.87","38.24","37.62","5.11M","0.77%"
"03/22/2015","37.72","38.50","38.61","37.47","7.81M","-1.92%"
"03/15/2015","38.46","37.47","38.48","37.47","4.54M","3.00%"
"03/08/2015","37.34","37.36","37.67","37.03","10.06M","0.00%"
"03/01/2015","37.34","38.14","38.29","37.28","10.31M","-2.10%"
"02/22/2015","38.14","38.30","38.39","38.06","5.78M","-0.42%"
"02/15/2015","38.30","38.22","38.49","37.95","6.00M","0.31%"
"02/08/2015","38.18","38.24","38.45","37.92","8.74M","-0.13%"
"02/01/2015","38.23","37.80","38.81","37.37","13.24M","1.49%"
"01/25/2015","37.67","38.62","38.79","37.66","8.50M","-2.46%"
"01/18/2015","38.62","38.48","38.91","38.06","7.44M","0.81%"
"01/11/2015","38.31","38.26","38.51","37.63","7.38M","0.45%"
"01/04/2015","38.14","37.87","38.55","37.42","14.45M","0.37%"
"12/28/2014","38.00","38.65","38.77","37.76","4.28M","-1.50%"
"12/21/2014","38.58","37.97","38.70","37.97","6.59M","1.61%"
"12/14/2014","37.97","36.98","38.11","36.43","10.47M","2.96%"
"12/07/2014","36.88","37.68","37.87","36.87","9.41M","-2.18%"
"11/30/2014","37.70","37.49","37.80","37.38","7.35M","0.29%"
"11/23/2014","37.59","37.33","37.77","37.18","3.04M","0.86%"
"11/16/2014","37.27","36.84","37.47","36.76","4.76M","1.28%"
"11/09/2014","36.80","37.09","37.26","36.76","5.30M","-0.73%"
"11/02/2014","37.07","36.65","37.08","36.54","5.63M","1.26%"
"10/26/2014","36.61","35.66","36.70","35.41","6.35M","2.38%"
"10/19/2014","35.76","34.56","35.76","34.55","18.82M","3.23%"
"10/12/2014","34.64","34.73","34.93","33.70","16.29M","-0.23%"
"10/05/2014","34.72","35.23","35.41","34.71","6.21M","-1.08%"
"09/28/2014","35.10","34.78","35.15","34.53","4.57M","0.34%"
"09/21/2014","34.98","35.32","35.33","34.67","3.96M","-0.68%"
"09/14/2014","35.22","34.85","35.34","34.83","2.97M","0.97%"
"09/07/2014","34.88","35.45","35.50","34.80","2.18M","-1.80%"
"08/31/2014","35.52","35.35","35.52","35.17","2.26M","0.51%"
"08/24/2014","35.34","35.17","35.34","35.07","2.51M","0.80%"
"08/17/2014","35.06","34.79","35.27","34.77","2.22M","1.24%"
"08/10/2014","34.63","34.46","34.82","34.30","3.52M","0.79%"
"08/03/2014","34.36","34.21","34.36","33.78","3.52M","0.53%"
"07/27/2014","34.18","35.10","35.24","34.03","6.12M","-2.62%"
"07/20/2014","35.10","35.20","35.31","35.06","18.44M","-0.62%"
"07/13/2014","35.32","35.49","35.53","34.96","2.51M","-0.20%"
"07/06/2014","35.39","35.41","35.53","35.16","2.59M","-0.25%"
"06/29/2014","35.48","35.53","35.73","35.33","2.55M","-0.20%"
"06/22/2014","35.55","35.62","35.64","35.26","2.27M","-0.03%"
"06/15/2014","35.56","34.90","35.66","34.89","3.01M","2.04%"
"06/08/2014","34.85","35.24","35.31","34.71","3.40M","-1.02%"
"06/01/2014","35.21","34.87","35.30","34.79","2.77M","0.92%"
"05/25/2014","34.89","34.58","34.90","34.51","2.67M","1.28%"
"05/18/2014","34.45","34.30","34.48","34.08","3.08M","0.12%"
"05/11/2014","34.41","34.66","34.71","34.19","3.88M","-0.29%"
"05/04/2014","34.51","34.34","34.75","34.22","3.97M","0.35%"
"04/27/2014","34.39","34.28","34.63","34.12","5.13M","0.67%"
"04/20/2014","34.16","34.10","34.29","34.03","6.10M","0.12%"
"04/13/2014","34.12","33.65","34.21","33.47","4.11M","1.85%"
"04/06/2014","33.50","33.91","34.18","33.46","4.30M","-1.30%"
"03/30/2014","33.94","33.80","34.38","33.76","4.31M","0.83%"
"03/23/2014","33.66","33.54","33.72","33.32","2.95M","0.51%"
"03/16/2014","33.49","33.46","33.78","33.20","4.31M","0.30%"
"03/09/2014","33.39","33.56","33.66","33.30","3.76M","-0.60%"
"03/02/2014","33.59","33.20","33.64","33.03","3.35M","0.60%"
"02/23/2014","33.39","33.09","33.49","33.05","5.15M","0.97%"
"02/16/2014","33.07","33.03","33.24","32.73","2.69M","0.24%"
"02/09/2014","32.99","32.22","33.01","32.10","3.80M","2.39%"
"02/02/2014","32.22","32.25","32.26","31.48","6.63M","-0.06%"
"01/26/2014","32.24","32.15","32.40","31.93","4.25M","0.47%"
"01/19/2014","32.09","32.84","32.98","32.09","2.90M","-2.08%"
"01/12/2014","32.77","33.00","33.01","32.61","6.49M","-0.79%"
"01/05/2014","33.03","32.85","33.10","32.61","4.69M","0.82%"
"12/29/2013","32.76","33.11","33.19","32.69","4.71M","-1.03%"
"12/22/2013","33.10","32.85","33.14","32.79","2.12M","0.85%"
"12/15/2013","32.82","32.25","32.89","31.94","4.32M","2.02%"
"12/08/2013","32.17","33.13","33.13","32.10","3.65M","-2.37%"
"12/01/2013","32.95","32.89","32.95","32.35","3.61M","0.27%"
"11/24/2013","32.86","33.11","33.14","32.84","2.73M","-0.60%"
"11/17/2013","33.06","33.20","33.21","32.68","5.17M","-0.30%"
"11/10/2013","33.16","32.72","33.16","32.48","3.70M","1.25%"
"11/03/2013","32.75","32.71","33.04","32.37","3.40M","0.21%"
"10/27/2013","32.68","32.61","32.93","32.43","6.09M","0.00%"
"10/20/2013","32.68","32.09","32.68","31.95","6.48M","1.71%"
"10/13/2013","32.13","31.57","32.15","31.28","4.15M","1.48%"
"10/06/2013","31.66","30.86","31.68","30.80","11.99M","1.90%"
"09/29/2013","31.07","31.15","31.39","30.85","14.43M","-0.83%"
"09/22/2013","31.33","31.62","31.76","31.28","4.47M","-1.04%"
"09/15/2013","31.66","31.49","32.10","31.36","4.47M","1.47%"
"09/08/2013","31.20","30.80","31.29","30.79","4.06M","1.33%"
"09/01/2013","30.79","30.84","30.98","30.50","4.33M","0.46%"
"08/25/2013","30.65","31.21","31.26","30.59","6.37M","-1.95%"
"08/18/2013","31.26","31.14","31.37","30.84","4.54M","0.16%"
"08/11/2013","31.21","32.27","32.28","31.10","6.65M","-3.52%"
"08/04/2013","32.35","32.51","32.55","32.22","4.40M","-0.64%"
"07/28/2013","32.56","32.41","32.64","32.29","6.09M","0.28%"
"07/21/2013","32.47","32.59","32.66","32.10","6.79M","-0.37%"
"07/14/2013","32.59","32.15","32.59","32.09","6.99M","1.21%"
"07/07/2013","32.20","31.21","32.22","31.19","8.38M","3.40%"
"06/30/2013","31.14","31.17","31.30","30.75","5.19M","0.06%"
"06/23/2013","31.12","30.30","31.31","30.06","12.11M","2.00%"
"06/16/2013","30.51","31.36","31.63","30.09","9.62M","-2.31%"
"06/09/2013","31.23","31.33","31.41","30.78","7.74M","-0.03%"
"06/02/2013","31.24","31.04","31.27","30.53","12.01M","0.94%"
"05/26/2013","30.95","32.05","32.12","30.95","13.08M","-2.76%"
"05/19/2013","31.83","32.53","32.74","31.61","19.90M","-2.15%"
"05/12/2013","32.53","31.98","32.57","31.86","10.96M","1.62%"
"05/05/2013","32.01","32.21","32.24","31.80","25.63M","-0.68%"
"04/28/2013","32.23","31.96","32.31","31.90","11.82M","1.10%"
"04/21/2013","31.88","31.89","32.07","31.63","23.63M","0.16%"
"04/14/2013","31.83","31.68","31.84","31.21","15.37M","0.06%"
"04/07/2013","31.81","31.20","31.83","31.09","15.48M","2.02%"
"03/31/2013","31.18","31.02","31.23","30.91","8.27M","0.32%"
"03/24/2013","31.08","30.55","31.08","30.34","5.66M","1.90%"
"03/17/2013","30.50","30.18","30.50","30.10","6.92M","0.59%"
"03/10/2013","30.32","30.14","30.42","30.12","4.71M","0.53%"
"03/03/2013","30.16","29.77","30.27","29.72","14.53M","1.21%"
"02/24/2013","29.80","29.71","29.84","29.23","9.16M","0.61%"
"02/17/2013","29.62","29.35","29.65","29.30","4.03M","1.13%"
"02/10/2013","29.29","29.30","29.42","29.22","3.53M","0.00%"
"02/03/2013","29.29","29.12","29.29","28.93","4.58M","0.31%"
"01/27/2013","29.20","28.94","29.21","28.77","8.35M","1.04%"
"01/20/2013","28.90","28.61","28.90","28.58","4.07M","0.98%"
"01/13/2013","28.62","28.44","28.63","28.25","4.38M","0.85%"
"01/06/2013","28.38","28.38","28.45","28.13","5.32M","-0.18%"
"12/30/2012","28.43","27.29","28.44","27.20","5.77M","4.06%"
"12/23/2012","27.32","27.91","27.91","27.32","2.84M","-2.04%"
"12/16/2012","27.89","27.83","28.22","27.78","3.85M","0.54%"
"12/09/2012","27.74","28.03","28.25","27.70","3.88M","-0.93%"
"12/02/2012","28.00","27.99","28.02","27.69","5.43M","0.07%"
"11/25/2012","27.98","27.46","27.98","27.33","5.92M","1.78%"
"11/18/2012","27.49","27.19","27.49","27.10","2.55M","1.55%"
"11/11/2012","27.07","27.31","27.46","26.71","8.14M","-0.81%"
"11/04/2012","27.29","27.92","28.07","27.11","10.03M","-2.40%"
"10/28/2012","27.96","28.08","28.27","27.93","5.22M","-0.11%"
"10/21/2012","27.99","28.26","28.26","27.81","9.86M","-1.03%"
"10/14/2012","28.28","28.11","28.64","27.99","5.19M","0.75%"
"10/07/2012","28.07","28.54","28.60","28.05","3.34M","-1.78%"
"09/30/2012","28.58","28.19","28.67","28.14","3.32M","1.46%"
"09/23/2012","28.17","28.21","28.43","27.97","5.19M","-0.18%"
"09/16/2012","28.22","27.99","28.30","27.90","2.78M","0.79%"
"09/09/2012","28.00","28.02","28.26","27.88","3.91M","-0.14%"
"09/02/2012","28.04","27.79","28.25","27.68","3.94M","1.01%"
"08/26/2012","27.76","27.88","27.96","27.66","3.92M","-0.25%"
"08/19/2012","27.83","28.00","28.03","27.57","7.68M","-0.54%"
"08/12/2012","27.98","28.03","28.07","27.85","4.74M","-0.14%"
"08/05/2012","28.02","28.14","28.21","27.81","3.73M","-0.11%"
"07/29/2012","28.05","28.21","28.32","27.57","5.91M","-0.43%"
"07/22/2012","28.17","27.68","28.24","27.22","5.40M","1.11%"
"07/15/2012","27.86","27.84","28.05","27.67","5.42M","0.04%"
"07/08/2012","27.85","27.63","27.86","27.45","6.12M","0.80%"
"07/01/2012","27.63","27.66","27.77","27.49","4.26M","0.18%"
"06/24/2012","27.58","26.95","27.58","26.81","5.04M","1.85%"
"06/17/2012","27.08","27.24","27.57","26.96","29.51M","-0.66%"
"06/10/2012","27.26","27.09","27.29","26.74","3.73M","1.26%"
"06/03/2012","26.92","26.24","26.94","26.10","4.63M","2.94%"
"05/27/2012","26.15","26.68","26.74","26.15","3.75M","-1.54%"
"05/20/2012","26.56","26.27","26.66","26.15","4.42M","1.30%"
"05/13/2012","26.22","26.69","26.80","26.15","4.66M","-2.27%"
"05/06/2012","26.83","26.72","26.97","26.51","4.72M","0.19%"
"04/29/2012","26.78","26.99","27.19","26.78","3.44M","-0.92%"
"04/22/2012","27.03","26.55","27.07","26.39","3.35M","1.24%"
"04/15/2012","26.70","26.41","26.78","26.31","2.05M","1.52%"
"04/08/2012","26.30","26.49","26.58","26.16","11.34M","-1.65%"
"04/01/2012","26.74","26.79","26.99","26.65","2.59M","-0.22%"
"03/25/2012","26.80","26.61","26.84","26.44","2.42M","1.13%"
"03/18/2012","26.50","26.48","26.53","26.35","1.71M","0.15%"
"03/11/2012","26.46","26.45","26.74","26.30","9.21M","0.19%"
"03/04/2012","26.41","26.15","26.44","25.99","2.13M","0.76%"
"02/26/2012","26.21","26.04","26.25","25.98","2.56M","0.31%"
"02/19/2012","26.13","26.05","26.16","25.88","1.97M","0.38%"
"02/12/2012","26.03","26.00","26.11","25.74","2.51M","0.62%"
"02/05/2012","25.87","25.94","26.05","25.80","3.20M","-0.50%"
"01/29/2012","26.00","25.69","26.06","25.56","19.19M","0.78%"
"01/22/2012","25.80","25.90","26.34","25.61","10.46M","-0.31%"
"01/15/2012","25.88","25.91","25.96","25.71","2.88M","0.62%"
"01/08/2012","25.72","25.73","25.91","25.55","3.59M","0.16%"
"01/01/2012","25.68","26.25","26.37","25.56","5.26M","-0.96%"
"12/25/2011","25.93","25.94","26.09","25.87","3.52M","-0.08%"
"12/18/2011","25.95","25.21","25.95","24.88","2.68M","3.47%"
"12/11/2011","25.08","25.26","25.34","24.90","2.63M","-0.91%"
"12/04/2011","25.31","25.42","25.43","24.96","3.00M","0.96%"
"11/27/2011","25.07","24.35","25.44","24.21","2.67M","4.81%"
"11/20/2011","23.92","24.48","24.50","23.82","3.29M","-3.04%"
"11/13/2011","24.67","25.30","25.33","24.44","5.34M","-2.45%"
"11/06/2011","25.29","25.07","25.43","24.68","2.85M","1.00%"
"10/30/2011","25.04","25.17","25.31","24.44","4.30M","-1.26%"
"10/23/2011","25.36","25.48","25.59","24.69","5.13M","1.12%"
"10/16/2011","25.08","24.49","25.08","24.12","2.91M","2.45%"
"10/09/2011","24.48","24.20","24.48","24.13","2.25M","2.68%"
"10/02/2011","23.84","23.70","24.22","22.75","3.27M","0.59%"
"09/25/2011","23.70","23.82","24.32","23.48","2.17M","1.15%"
"09/18/2011","23.43","24.17","36.56","23.09","1.26M","-3.58%"
"09/11/2011","24.30","23.21","24.38","23.08","2.43M","3.85%"
"09/04/2011","23.40","23.23","24.17","23.17","1.02M","-1.35%"
"08/28/2011","23.72","25.12","25.22","23.72","1.58M","0.51%"
"08/21/2011","23.60","23.28","23.90","22.91","2.35M","3.01%"
"08/14/2011","22.91","23.22","23.81","22.87","3.41M","-1.34%"
"08/07/2011","23.22","23.26","23.47","21.74","1.00M","-0.56%"
"07/31/2011","23.35","24.56","24.56","22.86","1.25M","-4.07%"
"07/24/2011","24.34","24.96","25.08","24.25","795.12K","-3.07%"
"07/17/2011","25.11","24.70","25.25","24.58","3.04M","1.25%"
"07/10/2011","24.80","25.16","25.27","24.80","142.32K","-2.09%"
"07/03/2011","25.33","25.32","25.54","25.19","863.98K","0.08%"
"06/26/2011","25.31","24.57","25.32","24.54","1.21M","3.22%"
"06/19/2011","24.52","24.62","24.92","24.36","378.61K","-0.37%"
"06/12/2011","24.61","24.41","24.79","24.30","133.71K","0.45%"
"06/05/2011","24.50","24.77","24.82","24.50","712.89K","-0.89%"
"05/29/2011","24.72","25.43","25.43","24.68","54.74K","-2.02%"
"05/22/2011","25.23","25.27","25.34","24.98","59.86K","-0.83%"
"05/15/2011","25.44","25.37","25.58","25.24","51.50K","0.39%"
"05/08/2011","25.34","24.90","25.45","24.90","60.33K","1.69%"